Species,LAI Value
Fagus sylvatica,7.9
Fagus sylvatica,8.2
Fagus sylvatica,7.6
Fagus sylvatica,7.8
Fagus sylvatica,7.1
Fagus sylvatica,6.8
Fagus sylvatica,9.1
Fagus sylvatica,7.9
Fagus sylvatica,5.6
Fagus sylvatica,7.8
Fagus sylvatica,7.4
Fagus sylvatica,6.4
Fagus sylvatica,6.5
Fagus sylvatica,6.8
Fagus sylvatica,6.4
Fagus sylvatica,7.7
Fagus sylvatica,9.5
Fagus sylvatica,7.3
Fagus sylvatica,6.5
Fagus sylvatica,6.7
Fagus sylvatica,8.5
Fagus sylvatica,8.6
Fagus sylvatica,6.8
Fagus sylvatica,6
Fagus sylvatica,6.72
Fagus sylvatica,7.9
Fagus sylvatica,7.38
Fagus sylvatica,6.9
Fagus sylvatica,7.12
Fagus sylvatica,6.9
Fagus sylvatica,7.18
Fagus sylvatica,6.18
Fagus sylvatica,7.14
Fagus sylvatica,7.14
Fagus sylvatica,9.2
Fagus sylvatica,7.4
Fagus sylvatica,4.91
Quercus cerris,7.4
Quercus cerris,4.9
Fagus sylvatica,7.4
Eucalyptus cupularis/Eucalyptus fasciculosa,0.65
Eucalyptus fasciculosa,0.44
Eucalyptus obliqua,1.34
Eucalyptus letophylla/Eucalyptus incrassata,0.25
Eucalyptus camaldulensis,1.52
Eucalyptus luecoxylon,0.95
Eucalyptus fasciculosa,0.75
Eucalyptus porosa,0.69
Eucalyptus obliqua,1.23
Eucalyptus viminalis,0.99
Eucalyptus radiata,1.13
Eucalyptus sieberi,1.96
Eucalyptus ovata,1.08
Eucalyptus cypellocarpa,1.95
Eucalyptus obliqua/Eucalyptus cypellocarpa,1.93
Eucalyptus dives,1.8
Eucalyptus fastigata,2.93
Eucalyptus bridgesiana,0.72
Eucalyptus viminalis/Eucalyptus pauciflora,1.34
Eucalyptus stellulata,0.66
Eucalyptus delegatensis,2.11
Eucalyptus pauciflora,0.85
Nothofagus antarctica,2
Nothofagus antarctica,1.21
Nothofagus pumilio,1.72
Nothofagus antarctica,1.61
Nothofagus antarctica,1.82
Nothofagus pumilio,1.94
Nothofagus antarctica,0.91
Nothofagus pumilio,2.24
Nothofagus antarctica,0.75
Nothofagus pumilio,1.94
Nothofagus pumilio,2.21
Nothofagus pumilio,1.19
Nothofagus antarctica,2.6
Nothofagus antarctica,2.22
Nothofagus pumilio,2.02
Nothofagus betuloides,2.58
Nothofagus betuloides/Nothofagus pumilio,3.45
Nothofagus betuloides,3.73
Nothofagus pumilio,2.9
Nothofagus antarctica,2.23
Fagus crenata,4.18
"Quercus ilex, Pinus halepensis",3.9
"Pinus halepensis, Quercus ilex",3.5
"Quercus ilex, Pinus halepensis",3.5
"Pinus nigra, Fagus sylvatica",4.1
Fagus sylvatica,7.6
"Quercus petraea, Quercus robur",6.79
"Quercus petraea, Quercus robur",7.02
"Quercus petraea, Quercus robur",6.61
"Quercus petraea, Quercus robur",5.88
"Quercus petraea, Quercus robur",5.57
"Quercus petraea, Quercus robur",3.81
"Quercus petraea, Quercus robur",5.65
"Quercus petraea, Quercus robur, Fagus sylvatica",7.11
"Quercus petraea, Quercus robur",6.71
"Quercus petraea, Quercus robur",6.85
"Quercus petraea, Quercus robur",7.05
Fagus sylvatica,4.27
Fagus sylvatica,4.95
Fagus sylvatica,4.12
Fagus sylvatica,6.1
Pinus sylvestris,3.6
Pinus sylvestris,2.4
Pinus sylvestris,2
Pinus sylvestris,2.4
Quercus frainetto,2.7
Quercus frainetto,2.8
Quercus frainetto,2.8
Quercus frainetto,2.8
Fagus orientalis,5.2
Quercus frainetto,2.7
Fagus orientalis,4.3
Quercus frainetto,2.2
Quercus frainetto,2.4
Fagus orientalis,4.8
Quercus frainetto,2.1
"Various species (Protium spp., Pouteria spp., Amphirrhox surinamensis, Inga spp.)",5.82
"Various species (Protium spp., Pouteria spp., Amphirrhox surinamensis, Inga spp.)",6.07
"Various species (Protium spp., Pouteria spp., Amphirrhox surinamensis, Inga spp.)",5.95
"Various species (Protium spp., Pouteria spp., Amphirrhox surinamensis, Inga spp.)",6.54
"Various species (Protium spp., Pouteria spp., Amphirrhox surinamensis, Inga spp.)",7
"Various species (Protium spp., Pouteria spp., Amphirrhox surinamensis, Inga spp.)",6.46
"Various species (Protium spp., Pouteria spp., Amphirrhox surinamensis, Inga spp.)",5.25
"Various species (Protium spp., Pouteria spp., Amphirrhox surinamensis, Inga spp.)",5.84
"Various species (Protium spp., Pouteria spp., Amphirrhox surinamensis, Inga spp.)",6.03
"Various species (Protium spp., Pouteria spp., Amphirrhox surinamensis, Inga spp.)",6.88
"Various species (Protium spp., Pouteria spp., Amphirrhox surinamensis, Inga spp.)",6.75
"Various species (Protium spp., Pouteria spp., Amphirrhox surinamensis, Inga spp.)",6.18
"Various species (Protium spp., Pouteria spp., Amphirrhox surinamensis, Inga spp.)",6.48
Abies alba,5.4
Picea abies,3.8
Picea abies,5
Pinus cembra,2.5
Pinus mugo,1.9
Pinus sylvestris,3.1
Pinus sylvestris,3.3
"Quercus robur, Carpinus betulus",4.4
Quercus cerris,4.8
Fagus sylvatica,4.1
Fagus sylvatica,4.9
Fagus sylvatica,7.6
Fagus sylvatica,6.8
Fagus sylvatica,7.8
Fagus sylvatica,2.9
Quercus pyrenaica,2.6
Quercus pyrenaica,2
Quercus pyrenaica,1.9
Quercus pyrenaica,1.8
Castanea sativa,3.7
"Family of Melastomataceae (all), Sapotaceae, Moraceae, Mimosaceae (lower), Lauraceae, Euphorbiaceae, Clethraceae (middle), Cunoniaceae, Podocarpaceae, Cyrillaceae, Rubiaceae and Aquifoliaceae (Upper)",6
"Family of Melastomataceae (all), Sapotaceae, Moraceae, Mimosaceae (lower), Lauraceae, Euphorbiaceae, Clethraceae (middle), Cunoniaceae, Podocarpaceae, Cyrillaceae, Rubiaceae and Aquifoliaceae (Upper)",5.4
"Family of Melastomataceae (all), Sapotaceae, Moraceae, Mimosaceae (lower), Lauraceae, Euphorbiaceae, Clethraceae (middle), Cunoniaceae, Podocarpaceae, Cyrillaceae, Rubiaceae and Aquifoliaceae (Upper)",5.7
"Family of Melastomataceae (all), Sapotaceae, Moraceae, Mimosaceae (lower), Lauraceae, Euphorbiaceae, Clethraceae (middle), Cunoniaceae, Podocarpaceae, Cyrillaceae, Rubiaceae and Aquifoliaceae (Upper)",2.8
"Family of Melastomataceae (all), Sapotaceae, Moraceae, Mimosaceae (lower), Lauraceae, Euphorbiaceae, Clethraceae (middle), Cunoniaceae, Podocarpaceae, Cyrillaceae, Rubiaceae and Aquifoliaceae (Upper)",2.2
"Dipterocarpaceae, Myrtaceae, Podocarpaceae family (the conposition varied with altitude)",4.8
"Dipterocarpaceae, Myrtaceae, Podocarpaceae family (the conposition varied with altitude)",3.8
"Dipterocarpaceae, Myrtaceae, Podocarpaceae family (the conposition varied with altitude)",3.5
"Dipterocarpaceae, Myrtaceae, Podocarpaceae family (the conposition varied with altitude)",2.4
"Dipterocarpaceae, Myrtaceae, Podocarpaceae family (the conposition varied with altitude)",5.6
"Dipterocarpaceae, Myrtaceae, Podocarpaceae family (the conposition varied with altitude)",3.6
"Dipterocarpaceae, Myrtaceae, Podocarpaceae family (the conposition varied with altitude)",3.8
"Dipterocarpaceae, Myrtaceae, Podocarpaceae family (the conposition varied with altitude)",1.6
"Family of Myrtaceae, Myristicaceae (all sites), Lauraceae, Sapotaceae, Meliaceae and Myristicaceae (lower sites)",1.75
"Family of Myrtaceae, Myristicaceae (all sites), Lauraceae, Sapotaceae, Meliaceae and Myristicaceae (lower sites)",4.76
"Family of Myrtaceae, Myristicaceae (all sites), Lauraceae, Sapotaceae, Meliaceae and Myristicaceae (lower sites)",3.46
"Family of Myrtaceae, Myristicaceae (all sites), Lauraceae, Sapotaceae, Meliaceae and Myristicaceae (lower sites)",2.89
Pinus halepensis,1.8
"Thuja plicata, Pseudotsuga menziesii, Tsuga heterophylla",2.8
"Thuja plicata, Pseudotsuga menziesii, Tsuga heterophylla",10.7
"Thuja plicata, Pseudotsuga menziesii, Tsuga heterophylla",9.7
"Thuja plicata, Pseudotsuga menziesii, Tsuga heterophylla",1.6
"Thuja plicata, Pseudotsuga menziesii, Tsuga heterophylla",1.5
"Thuja plicata, Pseudotsuga menziesii, Tsuga heterophylla",8.7
"Thuja plicata, Pseudotsuga menziesii, Tsuga heterophylla",5.4
"Thuja plicata, Pseudotsuga menziesii, Tsuga heterophylla",5.7
"Thuja plicata, Pseudotsuga menziesii, Tsuga heterophylla",4.9
"Thuja plicata, Pseudotsuga menziesii, Tsuga heterophylla",5.1
"Thuja plicata, Pseudotsuga menziesii, Tsuga heterophylla",5.6
"Thuja plicata, Pseudotsuga menziesii, Tsuga heterophylla",11.4
"Thuja plicata, Pseudotsuga menziesii, Tsuga heterophylla",6.8
"Thuja plicata, Pseudotsuga menziesii, Tsuga heterophylla",6.4
"Thuja plicata, Pseudotsuga menziesii, Tsuga heterophylla",11
"Thuja plicata, Pseudotsuga menziesii, Tsuga heterophylla",3.3
"Thuja plicata, Pseudotsuga menziesii, Tsuga heterophylla",3.5
"Thuja plicata, Pseudotsuga menziesii, Tsuga heterophylla",9.1
"Thuja plicata, Pseudotsuga menziesii, Tsuga heterophylla",5.1
"Thuja plicata, Pseudotsuga menziesii, Tsuga heterophylla",4.1
"Thuja plicata, Pseudotsuga menziesii, Tsuga heterophylla",6
"Thuja plicata, Pseudotsuga menziesii, Tsuga heterophylla",6.9
"Thuja plicata, Pseudotsuga menziesii, Tsuga heterophylla",3.9
"Thuja plicata, Pseudotsuga menziesii, Tsuga heterophylla",4.8
"Thuja plicata, Pseudotsuga menziesii, Tsuga heterophylla",5.1
"Thuja plicata, Pseudotsuga menziesii, Tsuga heterophylla",6.9
"Thuja plicata, Pseudotsuga menziesii, Tsuga heterophylla",7.4
"Thuja plicata, Pseudotsuga menziesii, Tsuga heterophylla",3.4
"Rhododendron tymifolium, Potentilla fruticosa",3.6
Rhododendron nivale,1.85
"Lonicera tibetica, Artemisia gmelinii",3.83
Betula spp.,5.69
Quercus semicarpiforlia,6.81
"Pinus densata, Quercus semicarpiforlia",6.71
"Pinus densata, Quercus semicarpiforlia",6.71
Abies georget,12.41
Abies georget,8.86
"Sabina saltuaria, Rhododendron",4.54
Abies georget,10.18
"Cyclobalanopsis oxyodon, Lithocarpus cleistocarpus, Phoebe chinensis, Lindera pulcherrina, Acer spp., Populus spp.",4.55
"Phoebe chinesis, Lithocarpus cleistocarpus, Acer sp., Populus purdomii",6.23
"Abies fabri, Picea brachytyla, Tsuga chinesis, Acer sp., Betula sp.",10.31
Abies fabri,7.78
"Abies fabri, Populus purdomii",10.17
Abies fabri,10.21
Quercus,4.31
Evergreen broadleaf species,11.82
Tropical forest tree species,7.11
Quercus rubra,4.9
Fagus sylvatica,4.5
Picea abies,6.1
Pinus sylvestris,4.2
"Eperua falcata, Vouacapoua americana, Dicorynia guianensis, Carapa procera",8.6
Pinus ponderosa,9
Adenostoma fasciculatum,1.1
"Quercus ilex, Quercus suber",2.35
Pinus pinaster,4.15
Quercus ilex,2.96
"Pistacia lentiscus, Juniperus phoenicea",2.56
"Quercus robur, Fraxinus oxyphylla",2
Quercus cerris,4.3
Quercus cerris,4.5
Quercus cerris,3.8
Quercus ilex,3.5
Populus tremuloides,5.5
Acacia aneura,2.13
Acacia aneura,1.57
Acacia aneura,1.56
Acacia aneura,1.41
Acacia aneura,1.22
Acacia aneura,1.17
Acacia aneura,0.76
Acacia aneura,0.99
Acacia aneura,0.53
Acacia aneura,0.64
Acacia aneura,0.47
Acacia aneura,0.58
Acacia aneura,0.31
Acacia aneura,0.34
Acacia aneura,0.39
Acacia aneura,0.3
Acacia aneura,0.23
Acacia aneura,0.3
Acacia aneura,0.13
Eucalyptus camaldulensis,3.26
Eucalyptus camaldulensis,2.46
Eucalyptus camaldulensis,2.11
Eucalyptus camaldulensis,2.23
Eucalyptus camaldulensis,2.62
Eucalyptus camaldulensis,2.39
Eucalyptus camaldulensis,1.35
Eucalyptus camaldulensis,1.23
Eucalyptus camaldulensis,0.98
Eucalyptus camaldulensis,0.28
Other Acacia,0.59
Other Acacia,1.04
Other Acacia,0.53
Other Acacia,0.49
Other Acacia,0.49
Other Acacia,0.18
Cassiope tetragona,1.1
Cassiope tetragona,0.78
Cassiope tetragona,0.4
Cassiope tetragona,0.5
Cassiope tetragona,0.41
Cassiope tetragona,0.46
Cassiope tetragona,0.65
Cassiope tetragona,0.85
"Heath; deciduous(35-60%), evergreen(30-60%)",0.11
"Shrub; Deciduous (70-100%), evergreen(0-30%)",1.52
"Heath; deciduous(35-60%), evergreen(30-60%)",0.65
"Shrub; Deciduous (70-100%), evergreen(0-30%)",0.58
"Shrub; Deciduous (70-100%), evergreen(0-30%)",1.88
"Heath; deciduous(35-60%), evergreen(30-60%)",0.83
"Betula nana, Eriophorum vaginatum, Sphagnum mosses",2.15
"Sphagnum mosses, Epriophorum vaginatum, Betual nana",1.04
"Salix pulchra, Betual nana",2.95
Moist tropical evergreen forest,5.6
Pseudotsuga menziesii,7.3
Pseudotsuga menziesii,4.7
Picea mariana,4.3
Picea mariana,3.7
Abies balsamea,9.4
Abies balsamea,8.4
Abies balsamea,8.6
Pinus strobus,8
Pinus strobus,5.9
Pinus strobus,12.8
Pinus banksiana,3.4
Populus tremuloides,2.1
Picea mariana,3.8
Pinus banksiana,2.6
Pinus banksiana,2.9
"Ledum groenlandicum, Chamaedaphne calyculata, Kalmia augustifolium, Vaccinium myrtilloides",1.3
"Larix laricina, Picea mariana",2.61
"Carex limosa, Smilacina trifolia, Andromeda polifolia, Picea mariana",1.5
"Ledum palustre, Empetrum nigrum, Sphagnuim spp.",0.7
Betula glandulosa,0.52
"Picea glauca, Picea mariana",1.26
"Picea glauca, Picea mariana, Betula glandulosa",1.61
"Picea glauca, Picea mariana",0.44
"Picea glauca, Picea mariana",3.08
Eucalyptus globulus,2.7
Eucalyptus globulus,2.8
Eucalyptus globulus,3.7
Eucalyptus globulus,3.5
Eucalyptus globulus,2.7
Maple,4.37
Alder/Maple,4.02
Alder,4.44
Maple/Pine,5.42
Maple,3.5
Alder,4.26
Alder/Maple,2.26
Alder/Maple,2.3
Robinia pseudoacacia,2.89
Fagus sylvatica,6.15
Fagus sylvatica,5.05
Quercus robur,5.34
Podocarpus falcatus,1.78
Cordia africana,0.61
Eucalyptus saligna,1.65
Pinus patula,2.46
Cupressus lusitanica,3.84
"Fagus grandifolia, Acer saccharum, Betula alleghaniensis",5.95
Phyllostachys pubescens,2.88
Quercus douglasii,0.83
Iva frutescens,0.84
Rhus copallina,1.52
Elaeagnus umbellata,5.8
Rhododendron maximum,8.36
Morella cerifera,6.7
Morella cerifera,10
Morella cerifera,9.8
Morella cerifera,12.5
"Quercus rubra, Carya spp.",6.9
"Quercus Prinus, Acer rubrum",5.4
"Quercus Prinus, Acer rubrum",5.4
"Carya spp., Quercus Prinus",6.7
"Quercus Prinus, Quercus velutina",6
"Acer rubrum, Carya spp.",5.2
"Quercus Prinus, Acer rubrum",4.7
"Acer rubrum, Quercus Prinus ",4.5
"Acer rubrum, Quercus Prinus ",7.2
Quercus rubra,2.7
"Carya spp., Quercus Prinus",4.1
"Quercus Prinus, Liriodendron tulipifera",5.2
Quercus prinus,8.2
"Quercus Prinus, Quercus velutina",6
"Quercus Prinus, Quercus velutina",7.4
Quercus prinus,6.5
Eucalyptus globulus,3
Eucalyptus globulus,2.9
Eucalyptus globulus,5.3
Eucalyptus globulus,3
Eucalyptus globulus,2.4
Eucalyptus globulus,3.3
Eucalyptus globulus,5
Eucalyptus globulus,2.3
Eucalyptus globulus,3.9
Eucalyptus globulus,2.4
Eucalyptus globulus,3.37
Eucalyptus globulus,4.54
Eucalyptus globulus,4.87
Eucalyptus globulus,3.11
Eucalyptus marginata,3
Eucalyptus marginata,1.71
Eucalyptus marginata,1.66
Eucalyptus marginata,2.75
Eucalyptus marginata,1.89
Eucalyptus marginata,2.72
Eucalyptus marginata,2.83
Eucalyptus marginata,2.61
Eucalyptus marginata,1.94
Eucalyptus marginata,2.31
Eucalyptus marginata,1.06
Eucalyptus marginata,0.85
Eucalyptus marginata,1.73
Fagus sylvatica,8.1
Fagus sylvatica,6.1
Fagus sylvatica,6.2
Betula ermanii,5.46
Abies balsamea,11.3
Abies balsamea,9.6
Abies balsamea,10.15
Abies balsamea,9.2
Abies balsamea,10.15
Abies balsamea,10.8
Picea rubens,10.55
Picea rubens,8.15
Picea rubens,8.2
Picea rubens,10.3
Abies balsamea,10.95
Abies balsamea,14.45
Picea stichensis,8.5
Picea stichensis,7.22
Picea stichensis,7.41
Picea stichensis,5.74
Picea stichensis,5.64
Picea stichensis,4.79
Pinus sylvestris,3.57
Picea abies,7.77
Picea abies,9.2
Picea abies,12.78
Picea abies,3.11
Picea abies,4.53
Picea abies,5.26
Picea abies,3.85
Picea abies,4.81
Picea abies,6.65
Picea abies,7.13
Picea abies,9.41
Picea abies,9.97
Pinus ponderosa,2.1
Pinus ponderosa,1.02
Pinus ponderosa,2.53
Pinus ponderosa,1.66
Pinus ponderosa,2.02
"Pinus ponderosa, Larix occidentalis, Abies grandis",3.22
"Pinus ponderosa, Larix occidentalis, Abies grandis",2.74
"Pinus ponderosa, Larix occidentalis, Pinus contorta, Pesudotsuga menziessii",1.95
"Pinus ponderosa, Larix occidentalis, Pinus contorta, Pesudotsuga menziessii",2.75
"Pinus ponderosa, Calocedrus decurrens",1.46
Picea abies,9.5
Picea abies,7.1
Picea abies,7.6
Picea abies,6.2
Picea abies,6.5
Picea abies,7.1
"Pseudotsuga menziesii, Tsuga heterophylla, Thuja plicata",7.2
"Pseudotsuga menziesii, Tsuga heterophylla, Thuja plicata",9.6
"Pseudotsuga menziesii, Tsuga heterophylla, Thuja plicata",9
"Pseudotsuga menziesii, Tsuga heterophylla, Thuja plicata",7.8
"Pseudotsuga menziesii, Tsuga heterophylla, Thuja plicata",9.2
"Pseudotsuga menziesii, Tsuga heterophylla, Thuja plicata",10.7
Puseudotsuga menziesii,8.05
Puseudotsuga menziesii,9.48
Puseudotsuga menziesii,8.9
Puseudotsuga menziesii,6.41
Puseudotsuga menziesii,7.17
Puseudotsuga menziesii,10.22
Puseudotsuga menziesii,11.06
Puseudotsuga menziesii,10.74
Puseudotsuga menziesii,7.22
Puseudotsuga menziesii,7.38
Puseudotsuga menziesii,7.79
Puseudotsuga menziesii,8.79
"Abies amabilis, Thuja plicata, Puseudotsuga menziesii",7.92
"Abies amabilis, Thuja plicata, Puseudotsuga menziesii",8.4
"Abies amabilis, Thuja plicata, Puseudotsuga menziesii",4.1
"Abies amabilis, Thuja plicata, Puseudotsuga menziesii",6.41
"Abies amabilis, Thuja plicata, Puseudotsuga menziesii",7.45
"Abies amabilis, Thuja plicata, Puseudotsuga menziesii",6.34
"Abies amabilis, Thuja plicata, Puseudotsuga menziesii",10.14
"Abies amabilis, Thuja plicata, Puseudotsuga menziesii",6.6
"Abies amabilis, Thuja plicata, Puseudotsuga menziesii",5.8
"Abies amabilis, Thuja plicata, Puseudotsuga menziesii",9.73
"Abies amabilis, Thuja plicata, Puseudotsuga menziesii",9.52
"Abies amabilis, Thuja plicata, Puseudotsuga menziesii",4.83
Pinus elliottii var. elliottii x Pinus caribaea var. hondurensis,9.3
Pinus elliottii var. elliottii x Pinus caribaea var. hondurensis,9.74
Pinus elliottii var. elliottii x Pinus caribaea var. hondurensis,9.77
Pinus elliottii var. elliottii x Pinus caribaea var. hondurensis,6.97
Pinus elliottii var. elliottii x Pinus caribaea var. hondurensis,6
Pinus elliottii var. elliottii x Pinus caribaea var. hondurensis,5.59
Pinus elliottii var. elliottii x Pinus caribaea var. hondurensis,4.46
Pinus elliottii var. elliottii x Pinus caribaea var. hondurensis,4.84
Pinus elliottii var. elliottii x Pinus caribaea var. hondurensis,5.53
Pinus elliottii var. elliottii x Pinus caribaea var. hondurensis,5.12
Eucalyptus delegatensis,1.5
"Eucalyptus delegatensis, Eucalyptus dalrympleana ",1.42
"Eucalyptus delegatensis, Eucalyptus dalrympleana ",1.72
"Eucalyptus delegatensis, Eucalyptus dalrympleana ",0.73
"Eucalyptus delegatensis, Eucalyptus dalrympleana ",1.2
"Eucalyptus pauciflora, Eucalyptus dalrympleana ",1.17
"Eucalyptus pauciflora, Eucalyptus dalrympleana ",1.4
"Eucalyptus radiata, Eucalyptus dalrympleana ",1.92
"Eucalyptus radiata, Eucalyptus mannifera",1.32
"Eucalyptus macrorhyncha, Eucalyptus albens ",0.92
"Eucalyptus macrorhyncha, Eucalyptus albens ",0.83
"Eucalyptus globulus, Eucalyptus radiata",1.39
"Eucalyptus globulus, Eucalyptus viminalis, Eucalyptus radiata",2.01
"Eucalyptus delegatensis, Eucalyptus dalrympleana ",1.07
Eucalyptus nitens,2.24
Eucalyptus nitens,7.43
Eucalyptus marginata,1.05
Pinus sylvestris,6.16
Pinus sylvestris,6.78
Pinus sylvestris,6.59
Pinus sylvestris,4.8
Pinus sylvestris,4.3
Pinus sylvestris,4.91
Pinus sylvestris,6.22
Pinus sylvestris,6.41
Pinus sylvestris,5.96
Pinus sylvestris,5.75
Pinus sylvestris,4.68
"Eucalyptus marginata, Eucalyptus calophylla",1.8
"Eucalyptus marginata, Eucalyptus calophylla",1.4
"Eucalyptus marginata, Eucalyptus calophylla",1.5
"Eucalyptus marginata, Eucalyptus calophylla",0.3
"Eucalyptus marginata, Eucalyptus calophylla",1.7
"Eucalyptus marginata, Eucalyptus calophylla",1.3
Eucalyptus diversicolor,1.3
Eucalyptus diversicolor,1.3
Eucalyptus socialis,0.45
Eucalyptus socialis,0.67
Eucalyptus dumosa,0.6
Eucalyptus dumosa,0.75
Eucalyptus dumosa,1.21
"Eucalyptus leucoxylon, E. occidentalis",0.8
"Eucalyptus baxteri, E. faciculosa, E. leucoxylon",1.07
Eucalyptus,2.07
Eucalyptus,2.05
Eucalyptus,2.09
Eucalyptus,1.47
Eucalyptus,4.09
Eucalyptus,4.4
Eucalyptus,1.89
Eucalyptus,1.68
Eucalyptus,2.03
Eucalyptus,2.59
Eucalyptus,0.01
Eucalyptus,0.34
Eucalyptus,2.98
Eucalyptus,0.49
Eucalyptus,0.86
Eucalyptus,1.99
Eucalyptus,0.71
Eucalyptus,0.59
Eucalyptus,0.36
Eucalyptus,0.13
Eucalyptus,0.1
Eucalyptus,0.46
Eucalyptus,0.17
Eucalyptus,1.86
Eucalyptus,2.46
Eucalyptus maculata,2.78
"Eucalyptus tetrodonta, E. miniata",2.1
"Eucalyptus umbonata, E. tetrodonta",1.25
"Eucalyptus terminalis, E. capricornia",0.25
"Brachystegia spiciformis, B. bakerana",2.15
"Schinzophyton rautanenii, Baikiaea plurijuga, Kirkia Africana, Pterocarpus angolensis",2.1
"Colophospermum mopane, Terminalia sericea",0.87
Colophospermum mopane,0.26
"Acacia mellifera,Terminalia sericea, Boscia albitrunca",1
"Acacia leuderitzii, Acacia mellifera, Grewia flava",0.71
Metrosideros polymorpha,0.61
Metrosideros polymorpha,5.85
Metrosideros polymorpha,1.28
Metrosideros polymorpha,5.19
Metrosideros polymorpha,0.9
Metrosideros polymorpha,5.74
Eucalyptus sieberi,3.4
Eucalyptus sieberi,4
Eucalyptus sieberi,3.6
"Eucalyptus regnans, Acacia dealbata",4
Various (see Table1 of Hoffmann et al. 2005),2.38
Various (see Table1 of Hoffmann et al. 2005),2.74
Various (see Table1 of Hoffmann et al. 2005),2.99
Various (see Table1 of Hoffmann et al. 2005),3
Various (see Table1 of Hoffmann et al. 2005),3.42
Betula pubescens,2.6
"Abies sibirica, Picea obovata",3.5
Abies sibirica,4.1
"Pentaclethra macroloba, Palms, other trees, Lianas",6
Eucalyptus saligna,5.18
Eucalyptus saligna,4.1
Eucalyptus grandis * urophylla (mono clonal),2.4
Eucalyptus grandis * urophylla (mixed clonal),2.9
Eucalyptus grandis * urophylla (mixed clonal),2.9
Eucalyptus grandis * urophylla (mixed clonal),3.4
Eucalyptus grandis * urophylla (mixed clonal),3.1
Eucalyptus grandis * urophylla (mixed clonal),3.8
Eucalyptus grandis * urophylla (mono clonal),3
Eucalyptus grandis * urophylla (mono clonal),3
Eucalyptus grandis * urophylla (mixed clonal),2.2
Eucalyptus grandis * urophylla (mixed clonal),3.3
Eucalyptus grandis * urophylla (mixed clonal),3.7
Eucalyptus grandis * urophylla (mixed clonal),4.2
Eucalyptus grandis * urophylla (mixed clonal),4.6
Eucalyptus grandis * urophylla (mixed clonal),5.8
Various tropical tree species,7
Various tropical tree species,6
Eucalyptus marginata,1.32
Eucalyptus spp.,2
"Eucalyptus rossii, E. maculata",0.81
"Eucalyptus rossii, E. maculata",1.24
Pinus radiata,1.56
"Eucalyptus maculata, E. gummifera",1.47
"Eucalyptus maculata, E. gummifera",1.53
"Eucalyptus maculata, E. gummifera",1.1
"Eucalyptus maculata, E. gummifera",1.3
"Eucalyptus maculata, E. gummifera",1.56
"Eucalyptus maculata, E. gummifera",1.96
"Eucalyptus maculata, E. gummifera",1.67
"Eucalyptus maculata, E. gummifera",1.52
"Eucalyptus maculata, E. gummifera",1.7
"Eucalyptus maculata, E. gummifera",1.09
"Eucalyptus maculata, E. gummifera",1.06
"Eucalyptus maculata, E. gummifera",1.48
"Eucalyptus maculata, E. gummifera",1.68
Deciduous northern temperate tree species,3.82
Eucalyptus globulus,4.58
Eucalyptus globulus,2.71
Eucalyptus globulus,3.3
Eucalyptus globulus,3.2
Eucalyptus globulus,4.3
Eucalyptus globulus,4.9
Eucalyptus globulus,6.1
Eucalyptus marginata,4
Eucalyptus diversicolor,2.6
Eucalyptus diversicolor,5
"Combretocarpus rotundatus, Cratoxylum arborescens, Buchanania sessifolia, Tetramerista glabra",5.6
"Couratari guianensis, Eschweilera sp., Manilkara huberi, Carapa guianensis, Sclerolobium paniculatum, Pouteria sp., Protium decandro, Licaria guianensis",5.07
"Protium sagotianum Marchland, Dialium guianense, Hevea brasiliensis, Brosimum lactescens, Cordia alliodora, Tovomita schomburgkii, Qualea paraensis",5
Pinus yunnanensis,1.7
Pinus yunnanensis,1.8
"Pinus yunnanensis, Keteleerla evekyniana",2.4
"Pinus yunnanensis, Keteleerla evekyniana",2.8
"Pinus yunnanensis, Keteleerla evekyniana",2.7
"Cyclobalanopsis glaucoldes, Keteleerla evekyniana",2.8
"Cyclobalanopsis glaucoldes, Keteleerla evekyniana",2.7
"Cyclobalanopsis glaucoldes, Keteleerla evekyniana",2.6
Cupressus spp.,4.49
Natural tropical cloud forest,4.96
Natural tropical cloud forest,4.52
Eucalyptus spp.,4.01
Pinus spp.,4.87
Natural tropical cloud forest,6.09
Kandelia candel,4.5
Kandelia candel,0.64
Bruguiera conjugata,6.5
Bruguiera conjugata,8.7
Rhizophora mucronata,5.4
Rhizophora apiculata,4.9
Rhizophora apiculata,4.93
Rhizophora apiculata,4.12
Rhizophora apiculata,4.56
Rhizophora apiculata,3.36
Rhizophora apiculata,3.74
Rhizophora apiculata,3.37
"Meliaceae, Lauraceae, Sapotaceae, Fagaceae (63 species)",5.7
"Meliaceae, Lauraceae, Sapotaceae, Fagaceae (63 species)",6.4
"Meliaceae, Lauraceae, Sapotaceae, Fagaceae (63 species)",6.5
"Meliaceae, Lauraceae, Sapotaceae, Fagaceae (63 species)",4.3
"Meliaceae, Lauraceae, Sapotaceae, Fagaceae (63 species)",6.3
"Meliaceae, Lauraceae, Sapotaceae, Fagaceae (63 species)",5.2
"Meliaceae, Lauraceae, Sapotaceae, Fagaceae (53 species)",4.9
"Meliaceae, Lauraceae, Sapotaceae, Fagaceae (53 species)",4.9
"Meliaceae, Lauraceae, Sapotaceae, Fagaceae (53 species)",5.2
Theobroma cacao,5.7
Theobroma cacao,6.3
Theobroma cacao,4.1
Calamus spp.,5.4
"Shorea conica, Shorea gibbosa",5.4
"Elateriospermum tapos, Anisoptera laevis, Parashorea lucida, Shorea retinoides",5.5
"Palaquium oxleyanum, Koompassia malaccensis, Parashorea lucida",5
"Shorea macroptera, Shorea lumutensis, Shorea acuminata",5.2
"Shorea macroptera, Shorea beccariana, Shorea acuta, Dipterocarpus glabosus, Dryobalanops aromatica",6.2
Tectona grandis,6.56
Dendrocalamus strictus,5.08
Various tropical tree species,6.77
Various dry tropics species,7.57
Moist tropical tree species,6.07
"Abies guatemalensis, Pinus, Oak",2.66
"Abies guatemalensis, Pinus",2.42
"Abies guatemalensis, Pinus",2.55
"Abies guatemalensis, Pinus, Oak",2.36
"Abies guatemalensis, Pinus",1.42
"Abies guatemalensis, Pinus, Oak",1.93
Fagus crenata,6
Fagus crenata,4.5
Fagus crenata,3.9
Fagus crenata,4.6
Fagus crenata,5.3
Fagus crenata,5.2
Fagus crenata,4.3
Magnolia obovata,5.3
Fagus crenata,4
Quercus crispula,12.1
Quercus crispula,8.1
Fagus crenata,5
Fagus crenata,4.5
Fagus crenata,4.2
Fagus crenata,4.4
Quercus serrata,4.4
Quercus serrata,4.4
Fagus crenata,5.2
Quercus serrata,4.5
Quercus serrata,3.6
Fagus crenata,4.1
Quercus serrata,4.8
Quercus serrata,3.9
Chamaecyparis obtusa,4.46
Chamaecyparis obtusa,5.51
Cryptomeria japonica,5.38
Cryptomeria japonica,2.71
Cryptomeria japonica,6.4
Cryptomeria japonica,4.36
Cryptomeria japonica,3.42
"Quercus serrata, Carpinus tschonoskii",8.34
Abies homolepis,10.6
Abies homolepis,7.4
Larix spp.,0.47
Larix spp.,0.23
Larix spp.,0.37
Larix spp.,0.59
Picea obovata,2.8
Populus tremula,3.15
Pinus sibirica,1.89
Betula pendula,1.54
Larix spp.,2.68
Populus tremula,3.85
"Quercus serrata, Prunus Verecunda ",4.3
Quercus serrata,7.3
"Quercus serrata, Ilex pedunculosa",7.8
"Clethra barbinervis, Prunus Verecunda, Cinnamomum camphora, Eurya japonica ",7.6
Chamaecyparis obtusa,3.8
"Mallotus japonicus, Ilex chinensis",4.4
Sasa kurilensis,2.15
Sasa senanensis ,3.25
Sasa tokugawana,5.3
Quercus acutissima,4.5
Quercus acutissima,2.9
Quercus acutissima,6.6
Quercus acutissima,6.9
Quercus acutissima,4.6
Quercus acutissima,7.1
Quercus acutissima,5.6
Quercus acutissima,6.5
Quercus acutissima,4.8
Quercus acutissima,3.8
Quercus acutissima,4.7
Quercus acutissima,5.1
Quercus acutissima,5.2
Quercus serrata,6.6
Quercus serrata,8.5
Quercus serrata,7.2
Quercus serrata,6.1
Quercus serrata,7.4
Quercus serrata,5.8
Quercus serrata,3.1
Quercus serrata,5.5
Quercus serrata,5.1
Quercus serrata,4.9
Quercus phillyraeoides,5.74
Quercus phillyraeoides,5.9
Chamaecyparis obtusa,5.1
Pinus radiata,14
Fagus sylvatica,2.89
Fagus sylvatica,2.97
Fagus sylvatica,3.1
Fagus sylvatica,2.77
Fagus sylvatica,2.5
Fagus sylvatica,3.22
Fagus sylvatica,2.28
Fagus sylvatica,2.88
Fagus sylvatica,3.13
Fagus sylvatica,3.17
Fagus sylvatica,3.34
Fagus sylvatica,3
Fagus sylvatica,2.73
Fagus sylvatica,2.56
Fagus sylvatica,3.31
Fagus sylvatica,2.39
Fagus sylvatica,2.78
Fagus sylvatica,3.01
Fagus sylvatica,2.56
Fagus sylvatica,2.61
Fagus sylvatica,2.8
Fagus sylvatica,2.33
Fagus sylvatica,2.47
Pinus contorta,12.3
Pinus contorta,12.1
Pinus contorta,7.7
Pinus contorta,1.3
Pinus contorta,8.8
Pinus contorta,7.3
Pinus contorta,7.1
Pinus contorta,3.9
Pinus contorta,9.9
Pinus contorta,4.5
Pinus contorta,9
Pinus contorta,9.1
Picea abies,5.86
Picea abies,5.55
"Picea abies, Pinus sylvestris",1.99
"Quercus spp., Acer spp.",4.3
"Quercus spp., Acer spp.",4.5
"Quercus spp., Acer spp.",4.7
"Quercus spp., Acer spp.",5.4
"Quercus spp., Acer spp.",5.8
"Quercus spp., Acer spp.",4.5
"Quercus spp., Acer spp.",6.2
"Quercus spp., Acer spp.",7.3
"Quercus spp., Acer spp.",3.9
"Quercus spp., Acer spp.",4.92
"Quercus spp., Acer spp.",4.55
"Quercus spp., Acer spp.",5.92
"Quercus spp., Acer spp.",4.43
"Quercus spp., Acer spp.",4.31
"Quercus spp., Acer spp.",3.32
"Quercus spp., Acer spp.",5.17
"Quercus spp., Acer spp.",1.88
"Quercus spp., Acer spp.",3.81
Pinus sylvestris,6.9
Pinus sylvestris,5.6
Pinus sylvestris,6.9
Pinus sylvestris,7.2
Pinus sylvestris,5.3
Pinus sylvestris,4.9
Pinus sylvestris,4.1
Pinus sylvestris,4.2
"Pinus sylvestris, Pinus nigra",2.14
Pinus sylvestris,2.59
Pinus contorta,1.5
Pinus contorta,1.6
Pinus contorta,1.6
Pinus contorta,2.1
Pinus contorta,3.3
Pinus contorta,3
Pinus contorta,3
Pinus contorta,2.9
Pinus contorta,3.7
Pinus contorta,2.5
Pinus contorta,2
Pinus contorta,1.3
Pinus contorta,1.8
Pinus contorta,2.2
Pinus contorta,1.4
Pinus contorta,1.8
Pinus contorta,2.2
Pinus contorta,2.2
Pinus contorta,1.2
Pinus contorta,2.2
Pinus contorta,2.5
Pinus contorta,3.1
Pinus contorta,2.4
Pinus contorta,1.7
Pinus contorta,1.8
Pinus contorta,2.5
Pinus contorta,1.9
Pinus contorta,0.9
Pinus contorta,1.8
Pinus contorta,2.8
Pinus contorta,2.8
Pinus contorta,3.1
Pinus contorta,2
Pinus contorta,1.9
Pinus contorta,2.6
Pseudotsuga menziesii,6.47
Pseudotsuga menziesii,5.9
Pseudotsuga menziesii,5.98
Pseudotsuga menziesii,7.79
Pseudotsuga menziesii,7.62
Pseudotsuga menziesii,7.81
Pseudotsuga menziesii,7.37
"Larix occidentalis, Pinus monticola",8.86
"Pinus monticola, Larix occidentalis",7.99
"Abies grandis, Thuja plicata, Pseudotsuga menziesii",11.68
"Pseudotsuga menziesii, Pinus ponderosa",9.93
Pseudotsuga menziesii,8.54
"Pseudotsuga menziesii, Pinus monticola",7.97
Pinus sylvestris,2.73
Sequoia sempervirens,9.5
Sequoia sempervirens,13.92
Sequoia sempervirens,14.48
Sequoia sempervirens,14.41
Tsuga heterophylla,11.07
Tsuga heterophylla,13.75
"Tsuga heterophylla, Pseudotusga menziesii",11.58
Abies amabilis,11.63
Abies concolor,8.17
Sequoia sempervirens,11.71
Pinus strobus,1.5
Pinus strobus,2.4
Pinus strobus,2.4
Pinus strobus,2.3
"Bruguiera gymnorrhiza, Bruguiera sexangula, Kandelia obovata, R. stylosa",4.48
"Aegiceras corniculatum, Bruguiera gymnorrhiza, Kandelia obovata, R. stylosa",4.36
Avicennia marina,3.45
Kandelia obovata,3.17
Sonneratia apetala,5.14
Betula pendula,3.7
Quercus pyrenaica,3.4
Salix viminalis,1.9
Salix viminalis,2.5
Salix dasyclados,3.2
"Carpinus betulus, Fagus sylvatica, Quercus petraea, Tilia cordata ",7.8
Picea abies,6.8
"Picea abies, Fagus sylvatica",6.6
"Picea abies, Fagus sylvatica",6
Pinus cembra,3.9
Pinus sylvestris,1.45
Pinus sylvestris,2.07
Pinus sylvestris,1.57
Acacia melanoxylon,2.5
Pinus canariensis,3.25
Pinus canariensis,3.53
Pinus canariensis,3.18
Pinus canariensis,3.09
"Betula pendula, Betula pubescens",0.47
"Betula pendula, Betula pubescens",2.98
"Betula pendula, Betula pubescens",2.12
"Betula pendula, Betula pubescens",1.63
"Betula pendula, Betula pubescens",1.87
"Betula pendula, Betula pubescens",1.9
"Betula pendula, Betula pubescens",2.5
"Betula pendula, Betula pubescens",0.7
"Betula pendula, Betula pubescens",0.91
"Betula pendula, Betula pubescens",1.52
"Betula pendula, Betula pubescens",1.77
Picea abies,8.45
Picea abies,8.31
Picea abies,7.82
Picea abies,8.3
Picea abies,8.05
Picea abies,7.61
Picea abies,7.15
Picea abies,5.74
Picea abies,8.8
Picea abies,8.51
Picea abies,8.3
Picea abies,5.94
Picea abies,5.3
Picea abies,6.62
Picea abies,8.7
Picea abies,7.95
Picea abies,8.15
Picea abies,8.14
Picea abies,8.6
Picea abies,8.58
Picea abies,7.82
Picea abies,8.07
Picea abies,7.31
Picea abies,7.7
Picea abies,9.26
Picea abies,8.13
Picea abies,7.49
Picea abies,7.87
Picea abies,4.86
Picea abies,9.2
Picea abies,10.34
Picea abies,6.08
Alnus glutinosa,8.26
Alnus glutinosa,4.95
Alnus glutinosa,2.07
Alnus glutinosa,6.19
Alnus glutinosa,5.78
Alnus incana,1.83
Alnus incana,1.28
Alnus incana,2.68
Alnus incana,1.28
Alnus incana,3.28
Alnus incana,0.62
Alnus incana,4.65
Alnus incana,2.02
Alnus incana,4.2
Alnus incana,4
Alnus incana,2.01
Betula pendula,3.21
Betula pendula,3.88
Betula pendula,3.03
Betula pendula,4.07
Betula pendula,4.09
Betula pendula,2.07
Betula pendula,0.66
Betula pubescens,5.12
Betula pubescens,2.85
Betula pubescens,4.58
Betula pubescens,4.89
Betula pubescens,2
Populus tremula,3.07
Populus tremula,2.7
Populus tremula,2.5
Populus tremula,2.49
Populus tremula,2.43
Populus tremula,2.58
Populus tremula,2.56
Populus tremula,2.92
Eucalyptus grandis,3.8
Quercus ilex,5.62
Quercus ilex,6.56
Quercus robur,6.23
Pinus contorta,3.9
Pinus contorta,3.5
Pinus contorta,3.8
Pinus contorta,3.7
Pinus contorta,3
Pinus contorta,3.7
Pinus contorta,2.8
Pinus contorta,3.1
Pinus contorta,3.5
Pinus contorta,3.8
Pinus contorta,2.3
Pinus contorta,3.2
Hevea brasiliensis,5.34
Fagus sylvatica,10.2
Fagus sylvatica,7.8
Fagus sylvatica,7.8
Fagus sylvatica,7.5
Fagus sylvatica,9
Fagus sylvatica,7.3
Fagus sylvatica,8.8
Fagus sylvatica,8.4
Fagus sylvatica,8.5
Fagus sylvatica,9
Fagus sylvatica,7.8
Fagus sylvatica,9.2
Fagus sylvatica,7.2
Fagus sylvatica,5.4
Fagus sylvatica,8.6
Pseudotsuga menziesii,7.99
Pseudotsuga menziesii,8.41
Pseudotsuga menziesii,8.86
Pseudotsuga menziesii,7.44
Pseudotsuga menziesii,3.37
Pseudotsuga menziesii,9.83
Pseudotsuga menziesii,7.13
Pseudotsuga menziesii,4.63
Fagus sylvatica,6.58
Fagus sylvatica,2.79
Fagus sylvatica,6.71
Fagus sylvatica,5.53
Fagus sylvatica,7.18
Fagus sylvatica,6.79
Pseudotsuga menziesii,5.6
Pseudotsuga menziesii,7.4
Pseudotsuga menziesii,5.6
Pseudotsuga menziesii,4.9
Fagus sylvatica,7.5
Fagus sylvatica,6.7
Populus tremula,4.22
Pinus ponderosa,3.3
Pinus ponderosa,1.9
Pinus ponderosa,2
Pinus ponderosa,1.5
Pinus ponderosa,2.4
Pinus ponderosa,3.2
Pinus ponderosa,1.5
Pinus ponderosa,1.9
Pinus ponderosa,1.4
Pinus ponderosa,1.8
Pinus ponderosa,1.9
Pinus ponderosa,2.1
Pinus ponderosa,3.1
Pinus ponderosa,3.2
Pinus pinaster,2.86
Pinus pinaster,2.26
Pinus pinaster,1.78
Pinus pinaster,1.76
Pinus sylvestris,3
Quercus ilex,1.7
Quercus ilex,2.01
Quercus ilex,3.9
"Quercus robur, Fagus sylvatica",5.5
Fraxinus excelsior,4.5
"Quercus robur, Acer pseudoplatanus",5.3
Acacia mangium,3
"Quercus ilex, Arbutus unedo, Phyllirea media",5.3
"Quercus ilex, Arbutus unedo, Phyllirea media",4.6
"Quercus ilex, Arbutus unedo, Phyllirea media",5.1
Castanea sativa,3.29
Pinus pinaster,2.66
Eucalyptus clone (E. grandis *E. urophylla),3.4
Savanna trees and shrubs species,2.32
Savanna trees species,2.76
Savanna trees species,2.85
Pinus sylvestris,2.1
Nothofagus fusca,7
Scaevola plumieri,1.05
Picea abies,10.6
Picea abies,11.9
Acacia koa,1.42
Acacia koa,3.46
Acacia koa,1.7
Acacia koa,2.48
Acacia koa,5.34
Acacia koa,4.06
Avicennia marina,0.56
Avicennia marina,1.06
Pinus sylvestris,1.52
Pinus sylvestris,1.34
Pinus sylvestris,1.44
Pinus sylvestris,1.8
Pinus sylvestris,1.39
Pinus sylvestris,1.91
Pinus sylvestris,1.3
Pinus sylvestris,1.28
Pinus sylvestris,1.28
Pinus sylvestris,1.53
Pinus sylvestris,1.45
Pinus sylvestris,1.07
Pinus sylvestris,0.89
Pinus sylvestris,1.16
Pinus sylvestris,0.75
Pinus sylvestris,0.68
Pinus sylvestris,0.15
Pinus sylvestris,1.43
Pinus sylvestris,1.72
Pinus sylvestris,2.32
Pinus sylvestris,2.43
Acacia koa,2.3
Acacia koa,2.41
Acacia koa,3.74
Acacia koa,1.77
Acacia koa,2.9
Acacia koa,2.22
Acacia koa,2.29
Acacia koa,1.17
"Acacia koa, Fraxinus udhei",1.71
"Acacia koa, Fraxinus udhei",1.33
"Acacia koa, Fraxinus udhei",0.68
Dacrydium cupressinum,3.7
Nothofagus pumila,4.3
Nothofagus antarctica,4.7
"Quercus alba, Carya tomentosa",5
Pinus radiata,4.59
Pinus pinaster,4.56
Pinus taeda,1.28
Pinus taeda,1.35
Pinus taeda,0.94
Pinus taeda,1.22
Pinus taeda,1.82
Pinus taeda,1.83
Abies balsamea,9.7
Abies balsamea,8.7
Abies balsamea,12.9
Abies balsamea,7.5
Abies balsamea,12.1
Abies balsamea,8.3
Abies balsamea,6.5
Abies balsamea,14
Abies balsamea,12.2
Abies balsamea,8.4
Abies balsamea,11.6
Abies balsamea,15.5
Abies balsamea,15.6
Abies balsamea,6.9
Abies balsamea,10.4
Abies balsamea,5.2
Abies balsamea,12
Abies balsamea,13.1
Abies balsamea,12.4
Abies balsamea,7.8
Abies balsamea,13.1
Abies balsamea,10.2
Abies balsamea,9.2
Abies balsamea,9.86
Abies balsamea,9.45
Abies balsamea,6.17
1176 tree species,4.7
Guiera senegalensis,0.82
Liquidambar styraciflua,5.5
Eucalyptus maculata,4.9
"Betula nana, Ledum decumbens, Salix pulchra",1.65
"Alnus, Betual exilis, Salix alaxensis, Salix pulchra",2.15
"Alnus, Betual exilis, Salix alaxensis, Salix pulchra",1.48
"Alnus, Betual exilis, Salix alaxensis, Salix pulchra",0.77
"Alnus, Betual exilis, Salix alaxensis, Salix pulchra",1.48
"Vaccinium uliginosum, Salix lanata spp., Ledum, Empetrum hermaphroditum",0.95
"Alnus, Betual exilis, Salix alaxensis, Salix pulchra",0.61
"Alnus, Betual exilis, Salix alaxensis, Salix pulchra",0.71
"Alnus, Betual exilis, Salix alaxensis, Salix pulchra",0.37
"Salix spp., Dryas, Arctous alpina, Cassiope, Vaccinium vitis-idaea",0.01
"Alnus, Betual exilis, Salix alaxensis, Salix pulchra",2.9
"Alnus, Betual exilis, Salix alaxensis, Salix pulchra",2.27
"Fraxinus excelsior, Acer pseudoplatanus, Tilia platyphyllos, Tilia cordata, Fagus sylvatica, Quercus robur (total 11 species)",5.1
"Fagus sylvatica, Fraximum excelsior",5
Fagus sylvatica,4
Picea abies,4
Fagus crenata,4.83
Fagus crenata,4.11
Fagus crenata,5.38
Fagus crenata,7.11
Betula erumani,3.59
Betula erumani,3.11
Betula erumani,3.36
Eucalyptus globulus,4.6
Eucalyptus globulus,3.7
Fagus crenata,6.8
Castanopsis cuspidata,8.2
"Quercus glauca, Quercus salicina, Quercus acuta, Camellia japonica",8.9
"Quercus glauca, Quercus salicina, Quercus acuta, Camellia japonica",7.5
"Quercus glauca, Quercus salicina, Quercus acuta, Camellia japonica",8.2
Camellia japonica,6.2
Camellia japonica,5.6
Camellia japonica,3.7
Camellia japonica,6.8
Castanopsis cuspidata,12.8
Castanopsis cuspidata,11.7
Castanopsis cuspidata,11.1
Castanopsis cuspidata,9.4
Castanopsis cuspidata,7.2
Castanopsis cuspidata,5.2
Castanopsis cuspidata,7.4
"Quercus phillyraeoides, Rapanaea neriifolia",9.6
"Quercus phillyraeoides, Rapanaea neriifolia",13.8
"Quercus phillyraeoides, Rapanaea neriifolia",10.5
Fagus sylvatica,5.3
Quercus petraea,2.73
Quercus pyrenaica,2.41
Populus tremuloides,0.37
Populus tremuloides,0.37
Populus tremuloides,1.5
Populus tremuloides,1.8
Populus tremuloides,0.8
Populus tremuloides,3.1
Picea mariana,4.3
Abies alba,7.8
"Quercus ruber, Fraxinus excelsior, Tilia sp., Acer sp., et al.",4.6
"Abies spp./ Picea abies, Fagus sylvatica",9
Abies alba,7.4
Picea abies,12
Picea abies,10.7
Picea abies,7.7
Picea abies,7.9
Pinus sylvestris,2.3
Pinus sylvestris,2.6
"Pentacme siamensis, Terminalia tomentosa, Terminalia mucronata et al.",1.6
"Shorea robusta, Dipterocarpus tuberculatus, Parinarium anamense et al.",1.8
"Dipterocarpus alatus, Mangifera caloneura, Gymnosporia spp.",12.1
"Dipterocarpus obtusifolius, Shorea obtusa et al.",2.65
"Dipterocarpus obtusifolius, Shorea obtusa et al.",4.9
"Dipterocarpus obtusifolius, Lagerstroemia calyculata et al.",5.7
Elaeis guineensis,4.42
Elaeis guineensis,5.58
Elaeis guineensis,4.79
"Shorea spp., Dipterocarpus spp., Koompassia spp. et al.",6.87
Zelkovab serrata,3.95
"Camellia japonica, Machilus thunbergii",6.3
Castanopsis cuspidata,5.99
Quercus myrsinifolia,8
Quercus myrsinifolia,8.1
Quercus myrsinifolia,9
Sasa nipponica,4.7
Sasa nikkoensis,5.2
Sasa oseana,4.7
Sasa kurilensis,5.3
Chamaecyparis obtusa,6.4
Chamaecyparis obtusa,6.9
Chamaecyparis obtusa,6.8
Chamaecyparis obtusa,5.3
Chamaecyparis obtusa,4.8
Chamaecyparis obtusa,5.4
Chamaecyparis obtusa,4.7
"Bucida buceras, Gymnanthes lucida, Bursera simaruba",4.2
Pinus nigra,8.2
Pseudotsuga menziesii,16.33
Pseudotsuga menziesii,26.91
Pseudotsuga menziesii,30.36
Pseudotsuga menziesii,22.31
Pseudotsuga menziesii,28.06
Pseudotsuga menziesii,24.61
Pseudotsuga menziesii,33.81
Pseudotsuga menziesii,16.33
Pseudotsuga menziesii,21.16
Pseudotsuga menziesii,29.21
Pseudotsuga menziesii,23.46
Pseudotsuga menziesii,33.81
Pseudotsuga menziesii,34.96
Pseudotsuga menziesii,24.61
Pinus resinosa,10.7
Pinus resinosa,5.3
Pinus resinosa,7.3
Pinus resinosa,7
Populus tremuloides,6.6
Tsuga heterophylla,37
Tsuga heterophylla,46.5
Fraxinus excelsior,3.6
Quercus robur,2.6
Fagus sylvatica,4.4
Quercus robur,2
Fagus sylvatica,4.7
Fagus sylvatica,4.7
Fagus sylvatica,5.21
Betula spp.,1.16
Pinus sylvestris,2
"Pinus sylvestris, Picea abies",3.5
Pinus sylvestris,6.3
"Pinus sylvestris, Picea abies",5.4
Pinus sylvestris,4
Picea abies,5.5
Pinus sylvestris,5.7
"Pinus sylvestris, Picea abies",3.7
"Pinus sylvestris, Picea abies",4
Eucalyptus grandis*Eucalyptus urophylla hybrids,4.39
Eucalyptus grandis*Eucalyptus urophylla hybrids,5.83
Eucalyptus grandis*Eucalyptus urophylla hybrids,4.19
Eucalyptus grandis*Eucalyptus urophylla hybrids,3.54
Eucalyptus grandis,4.15
Eucalyptus grandis,3.6
Fraxinus pennsylvanica,3
Eucalyptus globulus,1.39
"Eucalyptus globulus, Acacia mearnsii",2.07
Acacia mearnsii,1.35
Populus tremuloides ,3.65
Picea mariana ,2.65
Picea mariana ,5.5
Picea mariana ,4.57
Picea mariana ,4.04
Pinus halepensis,1.15
Pinus halepensis,1.33
Pinus banksiana,2.04
Picea mariana ,4.81
Pinus banksiana,1.88
Pinus banksiana,2.61
Picea mariana ,4
Pinus banksiana,3.1
Populus tremuloides ,2.59
Populus tremuloides ,2.5
Picea mariana ,3.73
Pinus banksiana,1.22
Pinus banksiana,2.77
Pinus banksiana,2.35
Picea mariana ,3.79
Pinus banksiana,2.18
Pinus banksiana,2.03
"Picea mariana, Larix laricina",1.29
"Picea mariana, Larix laricina",1.17
"Picea mariana, Larix laricina",1.04
Larix laricina,1
Larix laricina,0.86
Larix laricina,0.38
Picea mariana,2.69
Picea mariana,1.5
Picea mariana,1.85
"Picea mariana, Larix laricina",0.42
"Picea mariana, Larix laricina",0.66
"Picea mariana, Larix laricina",0.77
"Quercus alba, Quercus rubra, Quercus marilandica",6.1
"Quercus alba, Quercus rubra, Quercus marilandica",4.8
"Quercus alba, Quercus rubra, Quercus marilandica",4.5
"Quercus alba, Quercus rubra, Quercus marilandica",6.1
"Quercus alba, Quercus rubra, Quercus marilandica",6.9
"Quercus alba, Quercus rubra, Quercus marilandica",6.7
"Quercus alba, Quercus rubra, Quercus marilandica",5.9
"Quercus alba, Quercus rubra, Quercus marilandica",7.4
"Quercus alba, Quercus rubra, Quercus marilandica",6.2
"Quercus alba, Quercus rubra, Quercus marilandica",7.4
"Quercus alba, Quercus rubra, Quercus marilandica",5.5
Various (T1 in Hoffmann 2005 Oecologia),4.17
Various (T1 in Hoffmann 2005 Oecologia),1.9
Various (T1 in Hoffmann 2005 Oecologia),3.52
Various (T1 in Hoffmann 2005 Oecologia),2.95
"Entandrophragma spp., Gilbertiodendron dewevrei, sem-deciduous spp.",5.47
Picea mariana,3.13
Picea mariana,7.52
Picea mariana,5.8
Picea mariana,2.8
Picea mariana,3.66
Picea mariana,2.73
Picea mariana,6.58
Picea mariana,5.22
Picea mariana,3.09
Picea mariana,2.56
Picea mariana,3.22
Picea mariana,6.71
Picea mariana,8.97
Picea mariana,6.81
Picea mariana,7.18
Picea mariana,6.08
Picea mariana,6.21
Picea mariana,3.36
Picea mariana,5.48
Picea mariana,2.62
Picea mariana,2.59
Picea mariana,2.23
Picea mariana,4.22
Picea mariana,3.92
Picea mariana,1.56
Picea mariana,2.62
Picea mariana,1.13
Populus fremontii,2.6
Larix gmelinii,1.5
Larix gmelinii,1.81
Larix gmelinii,2.02
Larix gmelinii,2.22
Larix gmelinii,1.94
Pinus contorta,2.79
Picea glauca,6.4
"Pinus contorta, Picea glauca, Populus tremuloides, Populus balsamifera",3.79
"Populus tremuloides, Populus balsamifera",2.14
Pinus sylvestris,3.8
Picea abies,3.4
Betula pubescens,2.5
Pinus taeda,4.56
Pinus taeda,4.71
Pinus taeda,4.68
"Pinus taeda, Liquidambar styraciflua, Liriodendron tulipifera, Ulmus elata, Acer rubrum, Quercus spp., Carya spp.",5.09
"Pinus taeda, Liquidambar styraciflua, Liriodendron tulipifera, Ulmus elata, Acer rubrum, Quercus spp., Carya spp.",4.82
"Pinus taeda, Liquidambar styraciflua, Liriodendron tulipifera, Ulmus elata, Acer rubrum, Quercus spp., Carya spp.",4.72
"Pinus taeda, Liquidambar styraciflua, Liriodendron tulipifera, Ulmus elata, Acer rubrum, Quercus spp., Carya spp.",4.05
"Pinus taeda, Liquidambar styraciflua, Liriodendron tulipifera, Ulmus elata, Acer rubrum, Quercus spp., Carya spp.",4.11
"Pinus taeda, Liquidambar styraciflua, Liriodendron tulipifera, Ulmus elata, Acer rubrum, Quercus spp., Carya spp.",4.36
"Pinus taeda, Liquidambar styraciflua, Liriodendron tulipifera, Ulmus elata, Acer rubrum, Quercus spp., Carya spp.",5.22
"Pinus taeda, Liquidambar styraciflua, Liriodendron tulipifera, Ulmus elata, Acer rubrum, Quercus spp., Carya spp.",5.05
"Pinus taeda, Liquidambar styraciflua, Liriodendron tulipifera, Ulmus elata, Acer rubrum, Quercus spp., Carya spp.",4.2
"Fagus grandifolia, Acer saccharum, Betula alleghaniensis, Acer rubrum, Betula papyrifera",3.6
"Quercus sp., Carya sp., Acer sp.",6
"Quercus sp., Carya sp.",5.6
"Acer saccharum, Liriodendron tulipifera, Quercus spp.",4.9
"Populus grandidentata, Populus tremuloides",4.4
"Quercus prinus, Quercus velutina, Quercus coccinia",4.05
"Picea mariana, Pinus banksiana",5.5
"Picea mariana, Pinus banksiana",5.3
Picea mariana,7.18
Picea mariana,5.5
Picea mariana,2.9
Picea mariana,2.4
Eucalyptus regnans,6.2
Eucalyptus regnans,4.4
Eucalyptus regnans,4.29
Eucalyptus regnans,3.67
Eucalyptus regnans,3.99
Eucalyptus regnans,4.76
Eucalyptus regnans,4.69
Eucalyptus regnans,4.48
Eucalyptus regnans,4.47
Eucalyptus regnans,3.61
Eucalyptus regnans,3.11
Eucalyptus regnans,3.61
Eucalyptus regnans,3.65
Eucalyptus grandis hybrids,2.3
Eucalyptus grandis * camaldulensis hybrid,2.29
Eucalyptus grandis * camaldulensis hybrid,1.98
Eucalyptus grandis * camaldulensis hybrid,1.18
Eucalyptus grandis * camaldulensis hybrid,2.36
Eucalyptus grandis * camaldulensis hybrid,2.13
Eucalyptus grandis * camaldulensis hybrid,1.51
Eucalyptus grandis * camaldulensis hybrid,3.01
Eucalyptus grandis * camaldulensis hybrid,2.46
Eucalyptus grandis * camaldulensis hybrid,2.65
Eucalyptus grandis * camaldulensis hybrid,2.18
Eucalyptus grandis * camaldulensis hybrid,1.79
Eucalyptus grandis * camaldulensis hybrid,3.95
"Pinus koriaensis,Tilia amurensis, Quercus mongolica, Fraxinus mandshurica, Acer mino",5
"Schima superba, Castanopsis chinensi, Pinus massoniana",4
"Pometia tomentosa,Terminalia myriocarpa, Barringtonia macrostachya",6
"Potentilla fruticosa, Kobresia humilis, Poa Annua, Festuca rubra",2.8
"Pinus elliottii, Pinus massoniana, Cunnighamia lanceolata",3.6
"Eucalyptus nitens, Acacia dealbata",3.7
"Eucalyptus nitens, Acacia dealbata",4
"Eucalyptus nitens, Acacia dealbata",3.5
"Eucalyptus nitens, Acacia dealbata",2.3
"Eucalyptus nitens, Acacia dealbata",3
"Eucalyptus nitens, Acacia dealbata",3.6
Eucalyptus nitens,2.5
Acacia dealbata,6.5
Eucalyptus nitens,2.5
"Eucalyptus tetrodonta, Eucalyptus miniata",0.9
"Eucalyptus tetrodonta, Eucalyptus miniata",1
"Eucalyptus tetrodonta, Eucalyptus miniata",0.7
"Eucalyptus tetrodonta, Eucalyptus miniata",1.1
"Eucalyptus tetrodonta, Eucalyptus miniata",0.9
"Eucalyptus tetrodonta, Eucalyptus miniata",0.5
"Eucalyptus tetrodonta, Eucalyptus miniata",0.8
"Eucalyptus tetrodonta, Eucalyptus miniata",0.6
Acacia,0.1
Acacia,0.2
Acacia,0.3
Acacia,0.3
Acacia,1
Evergreen forest,2.1
"Eucalyptus tetrodonta, Eucalyptus miniata",1
"Eucalyptus tetrodonta, Eucalyptus miniata",0.6
"Eucalyptus tetrodonta, Eucalyptus miniata",0.4
"Eucalyptus tetrodonta, Eucalyptus miniata",1
"Eucalyptus tetrodonta, Eucalyptus miniata",0.7
"Eucalyptus tetrodonta, Eucalyptus miniata",0.7
"Eucalyptus tetrodonta, Eucalyptus miniata",1
"Eucalyptus tetrodonta, Eucalyptus miniata",0.9
"Eucalyptus tetrodonta, Eucalyptus miniata",0.6
"Eucalyptus tetrodonta, Eucalyptus miniata",0.8
Eucalyptus nitens,5.83
Eucalyptus nitens,4.73
Eucalyptus nitens,3.28
Eucalyptus nitens,3.72
Eucalyptus nitens,4.25
Eucalyptus nitens,4.87
Eucalyptus nitens,4.31
Dry sclerophyll forest species,1.48
Tropical rain forest species,6.49
Eucalyptus sp.,0.79
Eucalyptus sp.,1.71
Eucalyptus sp.,1.6
Eucalyptus sp.,1.64
Eucalyptus sp.,2.31
Eucalyptus sp.,1.45
Eucalyptus sp.,1.02
Eucalyptus sp.,0.89
Eucalyptus sp.,0.86
Eucalyptus sp.,1.8
Eucalyptus sp.,1.2
Not described,0.64
Not described,0.86
Not described,0.69
Not described,1.01
Not described,0.32
Not described,1.27
Not described,1.67
Not described,0.13
Not described,0.25
Not described,0.32
Not described,0.38
Eucalyptus sp.,0.36
Eucalyptus sp.,0.48
Eucalyptus sp.,0.59
Eucalyptus sp.,0.57
Eucalyptus sp.,0.61
Eucalyptus sp.,0.65
Eucalyptus sp.,0.54
Eucalyptus sp.,0.42
Eucalyptus sp.,0.77
Eucalyptus sp.,0.81
Eucalyptus sp.,0.83
Eucalyptus sp.,0.93
Quercus petraea,6.4
Quercus petraea,6.2
Quercus petraea,5.4
Quercus petraea,6.5
Quercus petraea,5.8
Fagus sylvatica,6.6
Fagus sylvatica,5.7
Fagus sylvatica,6.5
Fagus sylvatica,5.3
Fagus sylvatica,5
Fagus sylvatica,5.3
Picea abies,7.1
Fagus sylvatica,7.3
Fagus sylvatica,7.9
Picea abies,7.7
"Picea abies, Fagus sylvatica",5.7
Picea abies,3.73
Picea abies,3.8
Picea abies,3.83
"Picea abies, Abies",4.6
"Picea abies, Abies",4.56
"Picea abies, Abies",4.41
"Picea abies, Abies",4.27
"Picea abies, Abies",4.71
"Picea abies, Abies",4.13
Picea abies,4.18
Picea abies,4.3
Picea abies,3.54
Picea abies,3.64
Fagus sylvatica,5.78
"Fagus sylvatica, Fraxinus",5
"Fagus sylvatica, Fraxinus",5.42
Fagus sylvatica,5.69
Fagus sylvatica,5.42
"Carpinus orientalis, Quercus pubescentis",5.7
Fraxinus oruns,6.05
Picea abies,12.8
Pinus sylvestris,3.8
Pinus sylvestris,4.6
Pinus sylvestris,1.5
Pinus sylvestris,3.4
Pinus sylvestris,4.9
Picea abies,9.3
Pinus sylvestris,6.3
Pinus sylvestris,7.2
Pinus sylvestris,3.6
Pinus sylvestris,4.4
Pinus sylvestris,3.2
Pinus sylvestris,3.7
Pinus sylvestris,4.4
Pinus sylvestris,1.1
Pinus sylvestris,4
Picea abies,8.64
Quercus pubescens,3
Cistus albidus,2.2
Cistus monospeliensis,1.36
Quercus coccifera,4.15
Arbutus unedo,3.05
Tropical rainforest (1053 species),5.85
Tropical rainforest (1053 species),6.4
Quercus robur,4.4
Salix spp.,0.99
Betula nana,0.97
Empetrum hermaphroditum,0.72
Salix spp.,0.81
Betula nana,1.02
Vaccinium uliginosum,0.38
Empetrum hermaphroditum,0.5
Andromeda polifolia,0.23
Loiseleuria procumbens,0.02
Nothofagus solandri,5.43
Nothofagus solandri,7.11
Nothofagus solandri,5.72
Alnus incana,5.43
Betula pendula,3.08
Betula pendula,2.56
Betula pendula,1.57
Betula pendula,1.65
Betula pendula,2.91
Betula pendula,3
Betula pendula,2.94
Betula pendula,1.54
Betula pubescens,2.74
Betula pubescens,3.57
Betula pubescens,2.85
Betula pubescens,1.48
Betula pubescens,2.03
Betula pubescens,3.78
Betula pubescens,0.99
Betula pubescens,2.09
Fagus sylvatica,6.4
Fagus sylvatica,6.9
"Tilia cordata, Tilia platyphyllos, Fagus sylvatica",7.1
Fraxinus excelsior,4.55
Betula pendula,3.63
Betula pendula,4.64
Betula pendula,1.21
Betula pendula,1.96
Betula pendula,3.01
Tsuga mertensiana,5.6
Tsuga mertensiana,5.2
Pseudotsuga menziesii,12
Quercus robur,4.2
Nothofagus solandri,3
Nothofagus solandri,3.7
Nothofagus solandri,5.7
Nothofagus solandri,7.4
"Sapotaceae, Fabaceae, Violaceae, Chrysobalanacae spp. (over 100 species)",5.39
"Sapotaceae, Fabaceae, Violaceae, Chrysobalanacae spp. (over 100 species)",5.51
"Fagus crenata, Carpinus laxiflora, Acer sieboldianum etc.",6.51
"Fagus crenata, Carpinus laxiflora, Acer sieboldianum etc.",4.82
"Fagus crenata, Carpinus laxiflora, Acer sieboldianum etc.",6
"Fagus crenata, Carpinus laxiflora, Acer sieboldianum etc.",5.56
Fagus crenata,5.95
Pinus densiflora,4.08
Pinus densiflora,5.15
Pinus densiflora,4.73
"Acer rubrum, Acer saccharum, Betula papyrifera, Populus grandidentata, Quercus rubra",3.86
Pinus resinosa,2.7
Populus canadensis Moench (clone I-214),2.02
"Acer saccharum, Tsuga canadensis",4.06
"Quercus myrtifolia, Quercus geminata, Quercus chapmanii",2.6
Pinus taeda,5.1
"Quercus rubra, Quercus alba, Quercus velutina",5
Picea purpurea,1.5
Abies faxoniana,1.9
Betula platyphylla,1.1
"Larix occidentalis, Pinus ponderosa",5.4
"Pinus ponderosa, Pseudotsuga menziesii",5.25
Tropical moist forest,5.41
Pinus taeda,3.73
Populus tremuloides,3.11
Populus tremuloides,5.16
Populus tremuloides,3.06
Populus tremuloides,4.84
Populus tremuloides,4.18
"Liriodendron tulipifera, Quercus prinus, Quercus rubra, Quercus alba, Quercus velutina etc. ",10.6
"Liriodendron tulipifera, Quercus prinus, Quercus rubra, Quercus alba, Quercus velutina etc. ",10.7
"Liriodendron tulipifera, Quercus prinus, Quercus rubra, Quercus alba, Quercus velutina etc. ",9.7
"Liriodendron tulipifera, Quercus prinus, Quercus rubra, Quercus alba, Quercus velutina etc. ",8.5
"Liriodendron tulipifera, Quercus prinus, Quercus rubra, Quercus alba, Quercus velutina etc. ",6.9
"Liriodendron tulipifera, Quercus prinus, Quercus rubra, Quercus alba, Quercus velutina etc. ",6.9
"Liriodendron tulipifera, Quercus prinus, Quercus rubra, Quercus alba, Quercus velutina etc. ",5.8
"Liriodendron tulipifera, Quercus prinus, Quercus rubra, Quercus alba, Quercus velutina etc. ",5.4
Graffenrieda emarginata,8.08
Graffenrieda emarginata,6.98
Graffenrieda emarginata,6.59
Graffenrieda emarginata,7.38
Graffenrieda emarginata,6.92
Nothofagus glauca,2.06
Nothofagus glauca,2.12
Nothofagus glauca,2.63
"Acer rubrum, Cornus florida, Ilex opaca, Liquidambar styraciflua, Liriodendron tulipifera etc.",7.1
"Acer rubrum, Cornus florida, Ilex opaca, Liquidambar styraciflua, Liriodendron tulipifera etc.",5.6
"Quercus serrata, Clethra barbinervis",4.3
Populus deltoides,6.8
Populus deltoides,5.7
"Tamarix chinensis, Distichlis spicata",2.45
Tamarix chinensis,4.85
Populus tremuloides,2.79
Populus tremuloides,2.58
Populus tremuloides,3.2
Populus tremuloides,2.29
Populus tremuloides,2.62
Populus tremuloides,2.03
Populus tremuloides,3.27
Populus tremuloides,2.02
Populus tremuloides,2.77
Populus tremuloides,2.56
Populus tremuloides,3.12
Populus tremuloides,2.97
Populus tremuloides,2.11
Populus tremuloides,2.12
Populus tremuloides,2.45
Populus tremuloides,3.48
Populus tremuloides,2.78
Populus tremuloides,2.99
Populus tremuloides,2.56
Populus tremuloides,1.97
Populus tremuloides,1.84
Populus tremuloides,1.75
Populus tremuloides,2.03
Populus tremuloides,2.01
Populus tremuloides,3.13
Populus tremuloides,1.85
Populus tremuloides,3.91
Populus tremuloides,3.09
Populus tremuloides,1.06
Populus tremuloides,2.15
Inga oerstediana etc.,2.4
Hedyosmum racemosum etc.,2.1
Myrcia fallax etc.,2.3
Quercus robur,6.33
Fagus sylvatica,4.17
"Alnus glutinosa, Fraxinus exelsior",5.03
"Vaccinium uliginosum, evergreen shrub",0.52
"Betula glandulosa, Vaccinium uliginosum",1.7
"Betula glandulosa, Salix spp.",1.89
"Betula glandulosa, Salix spp., Picea glauca",2.27
Picea glauca,2.76
"Chamaedaphne calyculata, Ledum groenlandicum, Kalmia angustifolia, Kalmia polifolia, Andromeda glaucophylla",0.82
Chamaedaphne calyculata,1.92
Vaccinium myrtilloides,2.18
"Chamaedaphne calyculata, Ledum groenlandicum, Kalmia angustifolia, Kalmia polifolia, Andromeda glaucophylla",1.21
Pinus contorta,2.29
Pinus contorta,1.83
Pinus contorta,1.8
Pinus contorta,1.89
Pinus taeda,2.48
Pinus elliottii,2.47
Pinus taeda,4.23
Pinus contorta,3.2
Pinus contorta,3.1
Pinus contorta,2.9
Pinus contorta,3.05
Pinus contorta,3.85
Pinus contorta,2.4
Pinus contorta ,1.8
Pinus contorta ,1.3
Pinus contorta ,0.1
Pinus contorta ,2.7
Betula pendula,5.34
Quercus petraea,5.45
Carpinus betulus,8.73
Fagus sylvatica,8.84
Rhizophora mangle,3.25
Rhizophora mangle,4.45
Rhizophora mangle,3.71
Rhizophora mangle,4.15
Rhizophora mangle,4.52
Rhizophora mangle,5.14
Rhizophora mangle,5.39
Rhizophora mangle,5.47
Rhizophora mangle,5.58
Rhizophora mangle,5.86
Laguncularia racemosa,5.29
"Laguncularia racemosa, Avicennia germinans",4.09
Avicennia germinans,2.75
Avicennia germinans,1.61
Rhizophora mangle,2.91
Rhizophora mangle,4.2
"Rhizophora mangle, Laguncularia racemosa",3.29
"Rhizophora mangle, Laguncularia racemosa",3.81
Rhizophora mangle,3.33
Rhizophora mangle,3.79
Laguncularia racemosa,4.55
Laguncularia racemosa,4.52
Laguncularia racemosa,4.4
Betula pubescens,3.9
Betula pubescens,2.5
Betula pubescens,3.8
Cupressus lusitanica,3.86
Pinus patula,2.13
Eucalyptus grandis,2.07
Rhus typhina,1.5
Quercus petraea,3.8
"Quercus petraea, Fagus sylvatica",4.8
"Quercus petraea, Fagus sylvatica",6.1
Fagus sylvatica,5.9
Eucalyptus,3.13
Riparian forests,4.51
Avicennia marina,1.1
Avicennia marina,3
"Avicennia marina, Rhizophora stylosa",2.6
"Avicennia marina, Rhizophora stylosa",2.4
"Avicennia marina, Rhizophora stylosa",3.4
"Avicennia marina, Rhizophora stylosa",1.7
Pinus sylvestris,3.38
"Pinus montana, Pinus cembra",2.18
"Pinus montana, Pinus cembra",1.78
"Pinus montana, Pinus cembra",3.89
"Pinus montana, Pinus cembra",3.99
"Dryas integrifolia, Salix arctica",0.23
"Castanea sativa, Corylus avellana, Acer pseudoplatanus",3.86
Fagus sylvatica,4.78
Larix decidua,1.74
"Liriodendron tulipifera, Fagus grandifolia, Carya tomentosa",7
Chamaecyparis obtusa,5.77
"Diospyros sandwicensis, Psydrax odorata",2.86
"Diospyros sandwicensis, Psydrax odorata",1.35
Quercus mongolica,5.5
Quercus cerris,4.16
Quercus pubescens,2.73
Castanea sativa,6.5
Castanea sativa,5.3
Acer saccharum,7.4
Acer saccharum,8.1
Acer saccharum,6.87
Acer saccharum,6.12
Acer saccharum,6.77
Acer saccharum,6.97
Acer saccharum,7.63
"Rhizophora mangle, Laguncularia racemosa",2.73
"Rhizophora mangle, Laguncularia racemosa",1.33
Pinus contorta,3.59
Abies lasiocarpa,8.07
Pinus contorta,13.4
Pinus contorta,11.5
Pinus contorta,7.5
Pinus contorta,7.9
Pinus contorta,8.9
Pinus contorta,3.2
Pinus contorta,2.3
Pinus contorta,4.5
Pinus banksiana,7.4
Pinus banksiana,6.1
Pinus banksiana,9.1
Pinus banksiana,7.9
Pinus banksiana,11
Pinus banksiana,5.8
Pinus banksiana,7.2
Pinus taeda,5.34
Pinus ponderosa,3.63
Pinus ponderosa,7.4
Pinus taeda,2.7
Acer rubrum,5.14
"Quercus rubra, Quercus prinus",1.88
"Quercus prinus, Quercus spp.",2.72
"Quercus prinus, Quercus florida",3.28
"Populus tremuloides, Betula papyrifera",3
"Quercus rubra, Quercus alba, Quercus prinus, Quercus velutina",3.4
Pinus ponderosa,7.2
Pinus ponderosa,6.8
Pinus ponderosa,6.9
Pinus ponderosa,6.1
"Quercus ellipsoidalis, Quercus macrocarpa",4.73
"Quercus ellipsoidalis, Quercus macrocarpa",2.95
"Quercus ellipsoidalis, Quercus macrocarpa",3.47
"Quercus ellipsoidalis, Quercus macrocarpa",2.76
"Quercus ellipsoidalis, Quercus macrocarpa",2.36
"Pinus contorta, Pinus monticola, Abies magnifica, Tsuga mertensiana",1.59
"Dialium species, Aucoumea klaineana",7
Quercus petraea,4.24
"Quercus petraea, Fagus sylvatica",4.49
Betula pubescens,0.76
"Amaioua guianensis, Ocotea acutangula, Aspidosperma excelsum etc.",5
"Acer saccharum, Betula alleghaniensis",2.81
"Acer saccharum, Betula alleghaniensis",3.16
Eucalyptus saligna,3.18
Eucalyptus saligna,2.78
Eucalyptus saligna,2.99
Eucalyptus saligna,1.99
Eucalyptus saligna,1.84
Eucalyptus saligna,1.8
Eucalyptus saligna,1.46
Toona ciliata,2.9
Toona ciliata,2.1
Toona ciliata,2.4
Toona ciliata,2.7
Toona ciliata,2.5
Toona ciliata,2.4
"Acacia Koa, Toona ciliata",2.4
"Acacia Koa, Toona ciliata",2.6
"Pinus sylvestris, Picea abies",3.94
"Pinus sylvestris, Picea abies, Quercus robur",2.89
Quercus robur,2.32
Betula nana,2.64
Cassiope tetragona,0.36
Ericaceous vegetation,0.11
Populus tremula,2.45
Populus tremuloides,3
Populus tremuloides,4.05
Pinus resinosa,2.96
Pinus strobus,3.3
Pinus sylvestris,2.62
Picea abies,5.24
Pinus sylvestris,2.32
Acer saccharum,3.25
"Eucalyptus delegatensis, Eucalyptus dalrymplean",2.4
"Eucalyptus creba, Eucalyptus drepanophylla",1.3
"Pterocarpus marsupium, Cleasistanthus collinus, Grewia tilifolia, Tectona grandis, Lagerostromia parviflora, Diosporus melanoxylon, Terminalia alata, Dendrocalamus strictus, Bamboosa arundinacea",2.31
Picea mariana ,3.3
Picea mariana ,3.97
Picea mariana ,2.36
Picea mariana ,3.21
Picea mariana ,3.09
Picea mariana ,3.78
Picea mariana ,3.83
Picea mariana ,5.37
Quercus liaotungensis,2.9
Larix principis-rupprechtii,2.54
Pinus tabulaeformis,2.28
Tsuga canadensis,3.09
"Tsuga canadensis, Picea rubens",2.78
Picea rubens,1.73
Picea rubens,1.82
Picea rubens,1.8
Picea rubens,1.9
"Picea rubens, Betula papyrifera",2.58
"Pinus strobus, hardwood mixtures",3.46
"Pinus strobus, hardwood mixtures",3.61
Fagus grandifolia,3.04
Fagus grandifolia,3.49
"Fagus grandifolia, Quercus rubra",3.33
"Betula papyrifera, Fagus grandifolia",3.39
"Quercus rubra, Fagus grandifolia",3.35
"Acer saccharum, Fagus grandifolia",3.58
"Acer saccharum, Fagus grandifolia",3.52
"Acer saccharum, Fagus grandifolia",3.34
"Acer saccharum, Fraxinus americana",3.47
Nothofagus pumilio,2.5
Fagus sylvatica,3.56
Quercus robur,2.64
Pinus sylvestris,1.99
Deciduous and evergreen species belonging to the Guineo-Conglian phytochorion,9.24
Deciduous and evergreen species belonging to the Guineo-Conglian phytochorion,8.97
Eucalyptus marginata,1.8
Eucalyptus marginata,1.51
Eucalyptus marginata,1.27
Eucalyptus marginata,2.45
Eucalyptus marginata,2.14
Eucalyptus marginata,1.6
Dipterocarp species,7.27
"Cecropia sp., Clusia sp., Miconia sp., Psychotria sp. etc.",3.6
"Thouinidium decandrum, Guapira macrocarpa, Astronium graveolens, Trichilia trifolia, Casearia corymbosa",5.4
"Guapira macrocarpa, Lonchocarpus eriocarnalis, Plumeria rubra, Piptadenia constricta, Bursera instabilis",3.8
"Guapira macrocarpa, Plumeria rubra, Lonchocarpus constrictus, Bursera instabilis, Colubrina heteroneura",3.3
Pinus banksiana,1.4
Pinus banksiana,1.6
Pinus banksiana,1.4
Pinus banksiana,1.5
"Pinus resinosa, Populus tremuloides",3.9
Pinus banksiana,1.9
Pinus resinosa,3.4
Pinus banksiana,2.3
"Quercus rubra, Pinus resinosa, Acer rubrum",5
"Populus tremuloides, Acer rubrum, Quercus rubra, Populus grandidentata",4.4
"Pinus resinosa, Pinus strobus, Acer rubrum",4.4
Pinus resinosa,2.5
"Acer saccharum, Betula papyrifera, Pinus strobus",5.1
"Acer saccharum, Quercus rubra, Betula papyrifera",5.9
"Quercus rubra, Acer saccharum, Acer rubrum",5.6
"Quercus rubra, Acer rubrum",5.5
"Acer saccharum, Acer rubrum, Tsuga canadensis",6.8
"Acer saccharum, Tilia americana",5.5
"Betula papyrifera, Acer saccharum, Populus tremuloides",5.9
"Acer saccharum, Betula alleghaniensis",6.3
"Acer saccharum, Tilia americana, Populus tremuloides",8
"Acer saccharum, Fraxinus spp., Quercus rubra",8.4
"Acer saccharum, Tilia americana, Fraxinus spp.",5.1
"Acer saccharum, Tilia americana",7.1
Metrosideros polymorpha,8
Metrosideros polymorpha,7.1
Metrosideros polymorpha,5.8
Metrosideros polymorpha,7.5
Metrosideros polymorpha,4.4
Metrosideros polymorpha,3
Pinus elliotti,5.99
Tsuga heterophylla,31
Tsuga heterophylla,47
"Pseudotsuga menziesii, Abies grandis",18
Pseudotsuga menziesii,15
"Pseudotsuga menziesii, Tsuga heterophylla, Abies amabilis",22
Tsuga mertensiana,10
Pinus ponderosa,7
Juniperus occidentalis,2
Artemisia tridentata,1
Pinus ponderosa,2.73
Pinus resinosa,6.47
Mixed hardwood forest,6.7
Mixed hardwood forest,6.8
Mixed hardwood forest,4.8
Mixed hardwood forest,5.6
Quercus rubra,4.5
Larix decidua,5.1
Pinus strobus,7.4
Pinus resinosa,6.2
Picea abies,10.2
"Picea sitchensis, Tsuga heterophylla",5.3
Alnus rubra,3.9
Pseudotsuga menziesii,4
"Tsuga mertensiana, Pseudotsuga menziesii",8.7
Tsuga mertensiana,2.8
Pinus ponderosa,1.1
Juniperus occidentalis,0.4
"Tsuga heterophylla, Pseudotsuga menziesii",8.3
Pseudotsuga menziesii,6.6
Pseudotsuga menziesii,8.2
Pseudotsuga menziesii,6.7
Pseudotsuga menziesii,6
Pseudotsuga menziesii,7.4
Pinus ponderosa,1.7
Pinus ponderosa,2.4
Pinus ponderosa,2.6
Pinus ponderosa,3.3
Pinus contorta,4
Picea engelmannii,4.1
Abies grandis,5.3
Pinus strobus,3
Pinus strobus,2.9
Pinus strobus,2.9
Pinus strobus,3.8
Pinus strobus,3.2
Populus tremuloides,3.3
Picea mariana,5.6
Pinus banksiana,2.8
Pinus banksiana,2.4
Populus tremuloides,2.2
Picea mariana,4.2
Pinus banksiana,1.8
Pinus banksiana,2.2
Picea abies,11.5
Fagus sylvatica,3.4
Pinus contorta,0
Pinus contorta,0.01
Pinus contorta,0.14
Pinus contorta,1.82
Pinus sylvestris,2.66
Pinus sylvestris,1.98
Fagus crenata,7.8
Fagus crenata,7.6
Fagus crenata,7.7
Fagus crenata,3.3
Fagus crenata,3.2
Fagus crenata,3.3
Fagus crenata,3.6
Fagus crenata,5.4
Fagus crenata,4.9
Fagus crenata,4.4
Fagus crenata,4.5
Fagus crenata,5.38
Fagus crenata,4.41
Fagus crenata,7.84
Fagus crenata,4.54
"Abies veitchii, Abies mariesii",8.2
"Abies veitchii, Abies mariesii",9.7
"Abies veitchii, Abies mariesii",8.1
"Abies veitchii, Abies mariesii",5.5
"Abies veitchii, Abies mariesii",10.6
"Abies veitchii, Abies mariesii",7.8
"Abies veitchii, Abies mariesii",12.8
"Abies veitchii, Abies mariesii",10.9
"Abies veitchii, Abies mariesii",7.7
Camellia japonica,6.42
Camellia japonica,5.42
Camellia japonica,4.05
Camellia japonica,5.65
"Quercus glauca, Quercus salicina, Camellia japonica",6.63
"Quercus glauca, Quercus salicina, Camellia japonica",5.52
"Quercus glauca, Quercus salicina, Camellia japonica",6.07
Cryptomeria japonica ,8.64
Cryptomeria japonica ,10
Chamaecyparis obtusa,6.3
Chamaecyparis obtusa,6.3
Chamaecyparis obtusa,7.1
Chamaecyparis obtusa,6.4
Chamaecyparis obtusa,5.4
Chamaecyparis obtusa,5.6
Chamaecyparis obtusa,5.9
Chamaecyparis obtusa,5.8
Chamaecyparis obtusa,6
Chamaecyparis obtusa,4.7
Chamaecyparis obtusa,5.9
Chamaecyparis obtusa,5.4
Chamaecyparis obtusa,6.6
Chamaecyparis obtusa,5.7
Chamaecyparis obtusa,6.2
Cryptomeria japonica ,13.5
Cryptomeria japonica ,11.8
Cryptomeria japonica ,10.7
Cryptomeria japonica,9.4
Cryptomeria japonica,12.1
Cryptomeria japonica,13
Cryptomeria japonica,14.7
Cryptomeria japonica,11.5
Cryptomeria japonica,10
Acacia mollissima,9.9
Castanopsis cuspidata ,8.86
Cryptomeria japonica,17.2
Abies lasiocarpa,14.7
"Abies concolor, Pseudotsuga menziesii",15.5
Pseudotsuga menziesii,16.7
Pseudotsuga menziesii,15.5
"Pinus ponderosa, Pinus strobiformis",7.6
Pinus ponderosa,5.9
Pinus ponderosa,4.7
"Pinus chihuahuana, Pinus ponderosa, Quercus hypoleucoides, Quercus arizonica",3.7
"Pinus cembroides, Juniperus deppeana",2
"Quercus oblongifolia, Quercus emoryi",1.76
"Fouquieria splendens, Prosopis juliflora et al.",1.58
"Carnegiea gigantea, Cercidium microphyllum, Fouquieria splendens",0.94
"Cercidium microphyllum, Franseria deltoidea, Fouquieria splendens",0.59
Larrea divaricata,0.6
Cercocarpus breviflorus,1.4
Populus tremuloides,6.4
Aesculus octandra,6.2
Tsuga canadensis,13.1
Fagus grandifolia,2.9
Quercus prinus,6.3
Quercus prinus,4.3
Pinus (heath),4.7
Pinus echinata,7.8
Picea rubens,14.8
Abies fraseri,12.3
Liriodendron tulipifera,7.4
"Quercus rubra, Quercus alba",3.5
Fagus grandifolia,14.8
"Deschampsia flexuosa, Leiophyllum lyoni",0.08
Leiophyllum lyoni,3.1
Rhododendron carolinianum,2
Rhododendron catawbiense,2.8
"Rhododendron catawbiense, Kalmia latifolia, Gaylyssacia baccata",1.97
"Rhododendron catawbiense, Kalmia latifolia",2.63
"Rhododendron catawbiense, Kalmia latifolia",4.52
"Rhododendron catawbiense, Kalmia latifolia",4.75
"Rhododendron catawbiense, Gaylyssacia baccata",6.08
"Fagus grandifolia, Acer saccharum, Betula lutea",5.5
"Acer saccharum, Betula lutea, Fagus grandifolia",5.7
"Fagus grandifolia, Acer saccharum, Betula lutea",6.2
Betula platyphylla,3.5
"Quercus crispula, Betula ermanii, Betula platyphylla, Abies sachalinensis, Picea jezoensis",7.8
"Picea glehnii, Betula platyphylla",3.4
"Quercus crispula, Betula platyphyla, Acer mono",5.1
Chamaecyparis obtusa,5.5
"Betula platyphylla, Quercus mongolica, Acer mono, Kalopanax pictus, Tilia japonica, Ulmus davidiana",4
Fagus crenata,3.96
Betula ermanii,5.2
"Betula ermanii, Quercus crispula",7.21
"Ilex pedunculosa, Symplocos prunifolia, Quercus serrata, Evodiopanax innovans",3.5
"Cinnamomum camphora, Machilus thunbergii, Quercus serrata, Castanopsis cuspidate, Ulmus parvifolia, Quercus glauca",4.8
Cryptomeria japonica,5.4
Cryptomeria japonica,5.7
Larix cajanderi,3.7
Pinus sylvestris,5
Larix sibirica,4.4
Larix gmelinii,2.5
Artemisia ordosica,0.3
Populus spp,1.96
"Cinnamomum randaiense, Cryptocarya chinesis, Persea zuihoenisis, Castanopsis hystrix, Gordonia axillaris 
",4.5
"Lithocarpus, Quercus, Castanopsis sp.",4.5
Tectona grandis,4
Hopea ferrea,6.3
Hevea brasiliensis,3.2
Populus trichocarpa,3.23
Pinus sylvestris,2.5
Pinus sylvestris,2.4
Pinus sylvestris,2.7
Pinus sylvestris,2
Fagus sylvatica,4.6
"Fagus sylvatica, Fraxinus excelsior",4.6
Fagus sylvatica,4
Pinus sylvestris,5.34
Picea abies,20.4
Pinus pinaster,2.7
Pinus pinaster,3
Pinus pinaster,3.3
Picea abies,12.44
Picea abies,7.42
Picea abies,4.49
Picea abies,5.44
Pinus sylvestris,1.36
Pinus sylvestris,1.57
Picea abies,2.64
Picea abies,2.21
Alnus glutinosa,4.8
Quercus petraea,5.97
Castanea sativa and others,5.14
Castanea sativa and others,7.45
Castanea sativa and others,5.81
Castanea sativa and others,6.4
Castanea sativa and others,2.88
Fagus sylvatica,2.46
Quercus petraea and others,5.86
Quercus petraea and others,4.67
Quercus petraea,1.71
Nothofagus solandri,6.7
Fagus sylvatica,5
"Pinus edulis, Juniperus monosperma",1.85
"Pinus edulis, Juniperus monosperma",1.72
"Micarandra sprucei, Manilkara sp.",4.47
"Micarandra sprucei, Manilkara sp.",9.46
"Micarandra sprucei, Eperua leucantha",5.87
"Micarandra sprucei, Eperua leucantha",5.45
"Micarandra sprucei, Eperua leucantha",3.07
"Micarandra sprucei, Manilkara sp., Eperua leucantha",5.58
"Micarandra sprucei, Eperua cunuri 3?",2.81
"Micarandra sprucei, Eperua zapatero?",9.78
"Micarandra sprucei, Glycoxylon inophyllum",3.9
Micarandra sprucei,4.72
"Micarandra sprucei, Eperua palo amarillo?",4.64
"Micarandra sprucei, Glycoxylon media luna?",3.23
Eperua molenillo,3.04
Tropical tree species,6
Tropical tree species,6.1
Tropical tree species,6.2
Tropical tree species,6.3
Tropical tree species,6.7
"Quercus spps, Acer rubrum, Liriodendron tulifpifera ",4.9
57 species mix,3.6
Pinus caribaea,2.5
Carapa guianensis,2.9
Euxylophora paraensis,2.1
"Leguminosae combination (Parkia multijuga, Dinizia excelsa, Dalbergia nigra)",3.7
"Salix spp., Betula nana etc.",0.53
"Salix spp., Betula nana etc.",0.84
"Salix glauca, Salix planifolia, Betula nana, Eriophorum angustifolium",2.09
Pseudotsuga menziesii,6
Pseudotsuga menziesii,8.1
Pseudotsuga menziesii,10.3
Pseudotsuga menziesii,7.3
Pseudotsuga menziesii,9.2
Pseudotsuga menziesii,10.4
Pseudotsuga menziesii,11.2
Pseudotsuga menziesii,9.3
Pseudotsuga menziesii,7.7
Pseudotsuga menziesii,7.4
Pseudotsuga menziesii,9.6
Pseudotsuga menziesii,18.1
Pseudotsuga menziesii,20.1
"Populus tremuloides, Populus grandidentata",2.25
"Populus tremuloides, Populus grandidentata",2.41
Picea abies,1.69
Picea abies,1.32
"Populus tremuloides, Populus grandidentata",3.32
"Populus tremuloides, Populus grandidentata",4.91
"Populus tremuloides, Populus grandidentata",3.04
"Populus tremuloides, Populus grandidentata",3.02
"Populus tremuloides, Populus grandidentata",3.35
"Populus tremuloides, Populus grandidentata",3.77
"Populus tremuloides, Populus grandidentata",4.18
"Populus tremuloides, Populus grandidentata",4.38
"Populus tremuloides, Populus grandidentata",4.38
"Populus tremuloides, Populus grandidentata",4.26
"Populus tremuloides, Populus grandidentata",4.26
Picea abies,3.27
Picea abies,2.69
Picea abies,2.88
"Populus tremuloides, Populus grandidentata",3.51
"Populus tremuloides, Populus grandidentata",2.73
Picea abies,2.6
"Populus tremuloides, Populus grandidentata",5.68
Picea abies,2.69
"Populus tremuloides, Populus grandidentata",3.04
Picea abies,3.67
Picea abies,3.48
"Populus tremuloides, Populus grandidentata",2.96
"Populus tremuloides, Populus grandidentata",3.43
"Populus tremuloides, Populus grandidentata",5.14
"Populus tremuloides, Populus grandidentata",3.06
"Populus tremuloides, Populus grandidentata",3.06
"Populus tremuloides, Populus grandidentata",3.69
Picea abies,0.84
Picea abies,0.71
Picea abies,0.52
"Populus tremuloides, Populus grandidentata",4.51
Picea abies,0.69
Picea abies,4.26
Picea abies,1.83
Picea abies,2.7
Picea abies,3.74
Picea abies,2
Picea abies,2.79
"Populus tremuloides, Populus grandidentata",3.35
"Populus tremuloides, Populus grandidentata",3.68
"Populus tremuloides, Populus grandidentata",3.89
"Populus tremuloides, Populus grandidentata",4.51
Picea abies,0.59
Picea abies,0.74
Picea abies,0.48
"Populus tremuloides, Populus grandidentata",2.75
Picea abies,2.45
Picea abies,4
Picea abies,5.42
Picea abies,3.09
"Populus tremuloides, Populus grandidentata",1.29
"Populus tremuloides, Populus grandidentata",3.64
"Populus tremuloides, Populus grandidentata",2.67
"Populus tremuloides, Populus grandidentata",3.05
Picea abies,3.73
Picea abies,3.09
Picea abies,2.44
Picea abies,3.03
Picea abies,2.84
Picea abies,2.28
Pinus resinosa,4.9
Pinus resinosa,6.2
Pinus banksiana,1.6
Pinus banksiana,2.2
Pinus banksiana,1.7
Pinus banksiana,1.5
Pinus banksiana,2
Betula verrucosa,6.2
Betula verrucosa,3.5
Betula verrucosa,4.1
Betula verrucosa,1.7
Betula verrucosa,2.8
Betula verrucosa,4.1
Betula verrucosa,5.9
Betula verrucosa,6.5
Pinus sylvestris,5.98
Pinus sylvestris,6.94
Pinus sylvestris,9.28
Pinus sylvestris,10.79
Pinus sylvestris,5.25
Pinus sylvestris,8.55
Pinus sylvestris,10.14
Pinus sylvestris,7.47
Pinus sylvestris,14.21
Pinus sylvestris,4.72
Pinus nigra,14.73
Tectona grandis,17.2
Shorea robusta,13.4
Shorea robusta,11.4
Tectona grandis,17.4
Tectona grandis,11.5
Tectona grandis,10.6
Tectona grandis,14.6
Shorea robusta,8.51
Shorea robusta,14.02
Shorea robusta,11.66
Quercus ilex,4.5
Shorea robusta,6
Turreanthus africana,9
Dacryodes klaineana,9
Larix leptolepis,6.68
Tsuga sieboldii,5.3
Abies firma,6.7
Quercus patraea,5.2
Quercus robur,4.72
Quercus pubescens,2.54
Quercus pedunculiflora,3.43
Quercus robur,5.4
Fagus sylvatica,3.2
Fagus sylvatica,4.3
Fagus sylvatica,5.88
Fagus sylvatica,6.72
Fagus sylvatica,6.51
"Quercus petraea, Quercus robur",5.3
"Quercus alba, Quercus coccinea",3.79
Pinus strobus,17.8
Pinus taeda,5.25
Pseudotsuga menziesii,12.5
Liriodendron tulipifera,5.1
Marquesia macroura,3.47
Atriplex confertifolia,2.12
Atriplex lentiformis (Torr.),2.82
Atriplex canescens,2.99
Sarcobatus vermiculatus,2.22
Chrysothamnus consimilis,2.02
Artemesia tridentata,1.25
Populus tremuloides,5
"Populus tremuloides, Betula papyrifera, Acer rubrum",4.9
"Populus tremuloides, Betula papyrifera, Acer rubrum. Acer saccharum",5.5
"Quercus prinus, Cornus florida, Quercus alba",2.8
"Quercus alba, Cornus florida",3.4
"Quercus prinus, Cornus florida, Quercus alba",2.6
"Quercus prinus, Cornus florida, Quercus velutina",2.9
"Acer saccharum, Quercus prinus, Cornus florida",3
"Quercus alba, Quercus velutina, Fagus grandifolia",3
"Quercus alba, Acer rubrum, Fagus grandifolia, Quercus velutina",3.3
"Fagus grandifolia, Acer saccharum",3
"Fagus grandifolia, Acer saccharum",4.4
"Fagus grandifolia, Acer saccharum, Quercus velutina, Cornus florida",4
"Fagus grandifolia, Acer saccharum",3.9
"Fagus grandifolia, Acer saccharum",4.5
Taxodium distichum,0.5
"Taxodium distichum, Nyssa biflora",2
"Taxodium distichum, Nyssa biflora",3.4
"Taxodium distichum, Nyssa biflora",4.4
"Taxodium distichum, Fraxinus caroliniana",8.5
Populus tremuloides ,2.4
Populus tremuloides ,2.9
Populus tremuloides ,1.6
Fagus sylvatica,4.1
Fagus sylvatica,4.3
Fagus sylvatica,5
Fagus sylvatica,5.4
Fagus sylvatica,6.6
Fagus sylvatica,5.4
Betula spp.,1.6
"Acer platanoides, Tilia cordata, Qercus robur",3.5
Quercus robur,4.7
Pinus ponderosa,5.2
Pinus ponderosa,5.37
Pinus ponderosa,6.5
Pinus ponderosa,6.94
Pinus ponderosa,7.3
Pinus ponderosa,8.4
"Populus grandidentata, Acer rubrum, Quercus rubra, Populus tremuloides",3.59
"Populus grandidentata, Acer rubrum, Quercus rubra",2.9
Populus grandidentata,2.43
"Loiseleuria procumbens, Cetraria islandica",2.6
"Vaccinium myrtillus, Vaccinium uliginosum",5.3
Loiseleuria procumbens ,3.3
Pinus taeda,1.21
"Populus balsamifera, Alnus tenuifolia",3
Populus balsamifera,6
"Betula papyrifera, Populus tremuloides",4
Pinus contorta,23.4
Pinus contorta,35.7
Nothofagus solandri,4.15
Nothofagus solandri,8.9
Nothofagus truncata,7.4
Eucalyptus obliqua,5.4
Fagus crenata,4.33
Fagus crenata,3.19
Fagus crenata,5.77
Fagus crenata,4.19
Fagus crenata,4.79
Fagus crenata,5.27
Fagus crenata,6.15
Fagus crenata,4.61
Fagus crenata,7.84
Fagus crenata,5.5
Fagus crenata,5.8
Abies concolor,14.53
Abies concolor,20.75
"Abies magnifica, Abies concolor",15.58
"Abies magnifica, Abies concolor",16.45
Abies magnifica,17.33
Abies magnifica,25.34
"Picea engelmannii, Abies lasiocarpa",8.75
"Picea engelmannii, Abies lasiocarpa",5.09
"Picea engelmannii, Abies lasiocarpa",5.63
"Picea engelmannii, Abies lasiocarpa",4.34
"Picea engelmannii, Abies lasiocarpa",5.13
"Picea engelmannii, Abies lasiocarpa",5.16
"Vismia, Bellucia",3.86
"Cecropia, Laetia",3.54
"Vismia, Cecropia",3.71
Cecropia,4.13
"Vismia, Cecropia, Miconia",4.41
"Cecropia, Laetia",4.46
"Cecropia, Laetia",4.07
"Miconia, Tapiria",4.79
"Miconia, Croton",3.94
Eucalyptus regnans,9
Eucalyptus sieberii,11
"Eucalyptus signata, Eucalyptus umbra",2.46
Pinus pinaster,14.6
Fagus sylvatica,6.4
Fagus sylvatica,6.5
Quercus petraea,5.7
"Quercus robur, Quercus petraea",4.6
"Quercus robur, Carpinus betulus, Fagus sylvatica",6.8
"Quercus cerris, Quercus petraea",4.4
Fraxinus excelsior,5.4
Fraxinus excelsior,5.4
Fagus sylvatica,6.6
Fagus sylvatica,6.6
Fagus sylvatica,6.6
Picea abies,21.6
Betula pubescens,1.57
Tectona grandis,1.11
Tectona grandis,0.96
"Anogeissus latifolia, Diospyros melanoxylon, Buchanania lanzan, Pterocarpus marsupium et al.",3.76
"Anogeissus latifolia, Diospyros melanoxylon, Buchanania lanzan, Pterocarpus marsupium et al.",3.65
Combretodendron africanum,3.16
"Cyrilla racemiflora, Lyonia octandra, Chaetocarpus globosus",5.5
"Cyrilla racemiflora, Clethra occidentalis, Podocarpus urbanii Pilger, Hedyosmum arborescen",5.7
Rhizophora apiculata,4.2
"Padburggea pubescens, Eugenia clarkeana",12.3
"Padburggea pubescens, Eugenia clarkeana",12.3
"Quercus gilva, Castanopsis cuspidata",8.28
"Quercus gilva, Castanopsis cuspidata",8.11
"Quercus gilva, Castanopsis cuspidata",6.93
Rhizophora mangle,4.4
Cecropia spp.,11.6
Cecropia spp.,16.5
Tropical moist forest (395 spp.),22.4
"Dacrycarpus cinctus, Podocarpus archboldii et al. (119 tree species)",4.88
"Quercus sp., Machilus edulis, Cinnamomum sp. et al.",5.6
"Quercus glauca, Cinnamomum sp., Buddleja sp. et al,",6.88
Aspidosperma spp. (198 species in 4 ha),5.2
Betula maximowixziana,4.06
Betula maximowixziana,5.19
Betula maximowixziana,3.67
Betula ermanii,5.55
Cinnamomum camphora,6.11
Populus davidiana,2.37
Metasequoia glyptostroboides,9.53
Thujopsis dolabrata,12.6
Thujopsis dolabrata,17.5
Thujopsis dolabrata,12.7
"Quercus acuta,  Shiia sieboldii, Quercus stenophylla, Distylium racemosum",8.75
Abies veitchii,5
"Dipterocarpus spp., Anisoptera sp., Myristica sp., Beilschmiedia sp., et al.",7.37
"Dipterocarpus spp., Anisoptera sp., Myristica sp., Beilschmiedia sp., et al.",7.32
Melaleuca leucadendron,0.37
"Dacrydium sp., Tristania sp., et al.",7.1
"Quercus robur, Ilex aquifolium",5.3
"Quercus robur, Fagus sylvatica, Ilex aquifolium",4.9
"Fagus sylvatica, Quercus robur, Ilex aquifolium",5.7
Ilex aquifolium,5.6
Ilex aquifolium,6.6
Pinus sylvestris,11.9
"Alnus glutinosa, Betulab pendula",3.6
Castanea sativa,5.58
Picea sitchensis,9.1
Alnus rubra,6.5
Liriodendron tulipifera,7
Liriodendron tulipifera,7.1
"Quercus stellata, Quercus marilandica",4.8
Quercus alba,4
Taxodium distichum,2.9
"Cupressus pygmaea, Vaccinium ovatum, Pinus contorta",2.09
"Dacyodes excelsa, Sloanea beteriana, Manilkara bidentata et al.",7.34
Prestoea montana,3.3
Cyrilla racemiflora,4.96
Tabebuia rigida,3.25
"Tabebuia rigida, Ocotea spathulata, Clusia sp.",2.02
Dacryodes excelsa,7.34
Tabebuia rigida,1.99
"Gymnantbes lucida, Exostema caribaeum, Pisonia albida (169 species)",4.3
"Eucalyptus maculata, Ecucalyptus paniculata, Eucalyptus globoidea, Eucalyptus pilularis, Eucalyptus sieberi",4.95
"Albizia falcata, various tree species",10
Swietenia macrophylla,10.4
Dipterocarp,10.2
"Evergreen and deciduous shrub, Graminoids",1.2
Salix spp.,1.39
"Evergreen shrub (L. palustre, V vitis-ideaea, E. nigrum, L. procumbens)",0.18
Prunus pensylvanica,5.5
Prunus pensylvanica,6.3
Prunus pensylvanica,5.4
Pinus ponderosa,2.84
Pinus ponderosa,6.25
"Pinus ponderosa, Calocedrus decurrens",3.28
Acer saccharum,6.1
"Trichilia tuberculata, Ceiba pentandra, Pseudobombax septenatum, Spondias mombin, Virola surinamensis, Anacardium excelsum",7.25
Phyllostachys bambusoides,11.6
Betula aetnensis,3.8
"Carya tomentosa, Liriodendron tulipifera",4.7
Pinus banksiana,3
Pinus banksiana,2.2
Pinus banksiana,4.1
Pinus banksiana,2.6
"Eucalyptus marginata, Eucalyptus calophylla",2.6
Eucalyptus microcorys,5.2
Eucalyptus microcorys,5
Eucalyptus microcorys,3.9
Eucalyptus meullerana,3.8
"Eucalyptus marginata, Eucalyptus calophylla",2.4
Eucalyptus meullerana,4.8
Eucalyptus microcorys,2.3
Eucalyptus microcorys,4
Eucalyptus calophylla,2.3
Eucalyptus calophylla,1.9
Eucalyptus microcorys,2.5
"Eucalyptus marginata, Eucalyptus calophylla",2.6
Eucalyptus microcorys,2
Eucalyptus marginata,2.98
Eucalyptus marginata,1.69
Populus tremuloides,0.6
Pseudotsuga menziesii,9.31
"Pinus contorta, Larix occidentalis, Pseudotsuga menziesii, Abies grandis",4.2
Larix gmelinii,5.7
Larix gmelinii,1.68
Larix gmelinii,1.47
Larix gmelinii,1.41
Larix gmelinii,1.63
Larix gmelinii,1.14
Larix gmelinii,1.03
Acer rubrum,6.8
Quercus rubra,4.32
Eucalyptus camaldulensis,3.58
Phyllostachys pubescens,8.02
Picea abies,15.55
Tropical forest tree species,6.6
Micranda sprucei (total 59 species),4.4
Micranda sprucei (total 59 species),5.8
"Aspidosperma album, Mauritia carana (total 53 species)",2.6
"Aspidosperma album, Mauritia carana (total 53 species)",2.6
"Aspidosperma album, Mauritia carana (total 53 species)",1.5
Mixture of tree and non woody species (total 18 species),0.65
Mixture of tree and non woody species (total 18 species),1.22
Deciduous,6.98
Dense coniferous,6.74
Mixture of deciduous and conifer,6.05
Shurb,3.58
Fagus sylvatica,5.91
Fagus sylvatica,5.17
"Fagus sylvatica, Quercus",6.86
Quercus,6.03
Quercus,5.76
"Castanea, Pinus",4.01
Acer,5.99
Pinus,2.01
Picea,2.97
"Pinus, Picea",3.03
"Pinus, Picea",2.43
Betula,2.27
"Picea, Betula",2.89
"Pinus, Betula",0.17
Pinus sylvestris,1.73
Pinus sylvestris,1.35
"Pinus sylvestris, Picea abies",1.49
Pinus,7.29
Fagus sylvatica,5
"Pinus, Fagus sylvatica",6.27
Festuca ortophylla,0.32
Tropical forest tree species,4.92
"Quercus ilex, Buxus sp, Thymus sp",2.86
Pinus pinaster,3.11
Elaeis guineensis,3.81
Abies religiosa,4.96
"Pinus muricata, Pinus radiata, Pinus nigra?",3.5
"Banksia, Xanth, Blackbutt, Casurina etc.",2.37
Betula pendula,4.34
Pinus sylvestris,2.59
Picea abies,3.4
"Pinus sylvestris, Picea abies",3.34
"Picea abies, Betula pendula",3.91
Pinus sylvestris,3.16
Betula pendula,1.73
Picea abies,3.7
Picea abies,2.78
"Alnus sp., Betula pendula",1.74
"Picea abies, Betual pendula",3
Betula pendula,4.27
Betula pendula,3.08
"Betula pendula, Alnus sp.",4.69
Betula pendula,4
Betula pendula,3.89
Pinus sylvestris,4.2
Picea abies,1.2
Betula pendula,4.28
Betula pendula,4.05
Picea abies,3.29
Betula pendula,2.42
Alnus sp.,3.45
"Betula pendula, Alnus sp.",3.11
Betula pendula,4.7
Alnus sp.,3.8
Betula pendula,3.72
Picea abies,4.39
"Pinus sylvestris, Picea abies",3.17
